0.7727747844122697,0.7727747844122697,0.9029254439230497,0.5319014566646038,0.9429705128793819,0.35653918609605983,1.0,0.21958902936825517,0.9989658544991735,0.08599518756996964,0.6833710453868174,0.2555614314709097,0.7300616427459876,0.05200811773705213,0.857084051270535,0.02932657667123771,0.9497256448277799,0.07695138291578293,0.6377162406869559,0.27678620262287845,0.6934399631727767,0.016858559054688728,0.8527796751228318,0.0,0.957797909504762,0.06336864404577118,0.6103098997721615,0.30017285578140546,0.6630408433062591,0.0419651494478367,0.8246581433955958,0.031402698426330436,0.9228692388252482,0.09670362138728358,0.6199819063691122,0.3346272258258464,0.6887934911101439,0.11728076222717806,0.8056543089321611,0.08835526864635045,0.8896625778297572,0.1217592376259278,0.05525464131910786,0.017438627483352745,0.053288975904613,0.045911990492533604,0
0.8544480987449332,0.8544480987449332,0.9560529270636647,0.5176685533048299,0.9582717011346052,0.3356475148086582,1.0,0.19444804683471317,0.9928516643684461,0.10648294207794999,0.528893482048357,0.3344271174693374,0.6416124376409836,0.05122199193774616,0.7890927737363882,0.0013161925786822448,0.9023772822261107,0.030030450117396155,0.5173287651146377,0.37943026504851174,0.6585882430929351,0.01522177701750189,0.8346099816610739,0.0,0.9504595113559722,0.07087063671852706,0.5621386664580711,0.39547398371647996,0.687885864104235,0.04787754176229409,0.8575584159280126,0.01944495683411621,0.9570422045900508,0.0781690644862465,0.6600707572099044,0.39924021934633636,0.7618808397319392,0.10734896266524492,0.8791061692581651,0.060630167397631184,0.9561096703041709,0.08418274414189438,0.11832719453210216,0.06301998412131714,0.00981821579536329,0.006079202111630286,0
0.6575371740868404,0.6575371740868404,0.8106556820549984,0.5232215054942422,0.8863641644562141,0.3857607526745084,0.9633076532364583,0.3030288947834289,1.0,0.2173230691004517,0.6591491766805672,0.19631979172490813,0.7874226946729124,0.0359230602780051,0.9101515500276292,0.07146789900150236,0.9740753495032201,0.15266132007037625,0.6297750130884445,0.20697477942068113,0.786273235165764,0.0,0.9266724889973562,0.05760383711076854,0.9828542738763362,0.15627253263760657,0.6358186840177205,0.2402630641192185,0.7741193165109003,0.019111500204404833,0.9085375052008867,0.07365774008128269,0.9594606308303484,0.16770213931623498,0.6762581879929043,0.29332152589841914,0.7983373409508927,0.12664201207331852,0.8944216813622728,0.1497765751697867,0.9397106037821066,0.21818141963695087,0.09149613100920932,0.01246736602123872,0.034195553943175874,0.07119173497708191,0
0.6596257147471758,0.6596257147471758,0.8121739618597229,0.518708373494979,0.8796660596859781,0.39587016964215965,0.9604341433474151,0.3210048381705487,0.9876788681503194,0.2495681179944826,0.6103610886012348,0.16049967758616668,0.7830642053675709,0.034837774780004285,0.9071007263776755,0.06858927284567923,0.9803283111025208,0.1428954738819975,0.5915557134217795,0.16209583928885468,0.8080562076362235,0.0,0.9371995886713405,0.07241578509607363,0.9984809612927854,0.17558915944012768,0.6135957867829417,0.1857110223472115,0.8216961472212548,0.03141361983074548,0.9466464110121349,0.10047484795284928,1.0,0.1916158504046746,0.675825424766518,0.2403878415710455,0.8506491305792496,0.13692781698284462,0.942033291591847,0.1786309373142578,0.9848686397728387,0.2426599915187269,0.14122772679539516,0.04939162678232586,0.021262982992497237,0.07031915251180655,0
0.7422740885323938,0.7422740885323938,0.8634792731174326,0.591331725058152,0.9458508196841643,0.4188811804435851,1.0,0.28685674238672,0.9693656584751317,0.1663785580074512,0.7656375773089409,0.23676078691507546,0.7749443028544171,0.02271443613722097,0.8834164474274897,0.02672607436270755,0.9575618156771198,0.09030569494594007,0.7152099740218528,0.23940643475025497,0.7341573819456519,0.0,0.8654002783751381,0.018024311376878745,0.9457966671496969,0.0958625519231174,0.6543084004337841,0.25840763062682626,0.6826160058850291,0.026948906694842838,0.8251386953837784,0.04019284718908242,0.9142277812126774,0.12456134138063978,0.597471888442279,0.30054488921844913,0.6438552112894326,0.09827101506009206,0.7602048725517184,0.07025291178031999,0.8473458039393392,0.11809272634726425,0.09439356707633051,0.015954074846948257,0.052312787358505274,0.08239054928105201,0
0.698529951801967,0.698529951801967,0.8602014098737976,0.5162017525238257,0.9198639885352671,0.377229080033825,0.9827928364611461,0.2889839186196821,0.9963099119712417,0.22100074872775963,0.6154269281261139,0.2034287939772236,0.7703842712402644,0.02319520683165515,0.8957422223241642,0.04727868237021136,0.976038979717412,0.12259163723285761,0.5927146027190591,0.22598869395337384,0.7854724813877139,0.0,0.9180322151879625,0.04952965198319236,0.9893398393149246,0.13789414407825154,0.6197503569856253,0.2586776938810522,0.8041983054270943,0.04327738315552122,0.9347080371325903,0.07943524066600492,1.0,0.15655966498938229,0.6880326200954412,0.3049819535311326,0.8415776786911705,0.14933375165971108,0.9328917111226211,0.16037382322301205,0.9883831342226163,0.20476920156692172,0.12793791001790167,0.025816856826458234,0.027370361172954015,0.06314362031920756,0
0.9026999972849269,0.9026999972849269,0.961870228080429,0.8624432514000488,0.9717567380254559,0.7680798145747981,1.0,0.5045533919122259,0.9940540613920894,0.23351078955754312,0.5122765959271046,0.6420448358595421,0.5130157745746267,0.33466430264776786,0.671886311315996,0.23699176332565014,0.8391116280864308,0.2181796292353354,0.4270575252537522,0.5184823956090123,0.5508321699006997,0.13978446606658787,0.782475060624724,0.08895911957324767,0.9755742736822249,0.1508793978825288,0.392218046805002,0.43100334811381014,0.5045048778431459,0.043525193734754504,0.7546077648232273,0.01016237566037008,0.9582902613186396,0.08768942993468105,0.40259707458019967,0.38215614671111764,0.47905528317497786,0.06805487877198674,0.6668646764704621,0.0,0.8393501972714944,0.03851881331300363,0.12988775485342505,0.126931838023004,0.05465089972997627,0.10736709168650256,0
0.7796122733739672,0.7796122733739672,0.8890545707300883,0.5492575208918472,0.8980081155772879,0.37613305174223827,0.9487029947553248,0.24480409672582848,1.0,0.143573201379876,0.5240895346454365,0.33694293614577786,0.6118547917053859,0.05742931066578219,0.7517883977328501,0.010742958921872625,0.8603030886904042,0.0326034928330837,0.5094146001593323,0.3544430624983971,0.6260358969924262,0.025782509173802433,0.8001807733322345,0.0,0.9151255202227179,0.05921197422316227,0.5451290651226167,0.36527937429881824,0.6514296867875412,0.04819400073246877,0.8204183222791313,0.013841772592488236,0.926008408082974,0.06297602753287565,0.6259386544106048,0.36930965897641377,0.718041834034743,0.1159742509673692,0.8489953448533127,0.0628861126501231,0.9465293281870133,0.07541096973615113,0.21187526787726738,0.0723698461837921,0.013675583008750302,0.02849554766925941,0
0.7558810876931783,0.7558810876931783,0.8795823734282842,0.4863888442545979,0.9233506935887642,0.3200096781228799,0.9802388521971853,0.20412586987359368,1.0,0.11157281860771685,0.565556243701574,0.22793613451154365,0.7162067851122436,0.03922081229278746,0.8514735915777676,0.024893907831810537,0.9545512399558685,0.0694298547821233,0.5448460826341924,0.23755561889915955,0.7325837712802836,0.0,0.8784107122426977,0.00450511365973917,0.9828362023977094,0.06468302906350712,0.5747584741237588,0.25177565814236197,0.7537678846497707,0.020675840798975848,0.8994707279562711,0.024841318768846172,0.9939673451804618,0.07672277926111981,0.6450455643740381,0.268569283692375,0.7867346233689166,0.08890585996168807,0.890680979439725,0.08333011781661297,0.9694429104628784,0.11557239519586618,0.07664195567336148,0.03546469581727998,0.020275465920724416,0.05681026949975717,0
0.7115344535457961,0.7115344535457961,0.8552063437437231,0.5097506920272282,0.9069848731809597,0.3440105267789996,0.9657913410282098,0.22962807594354748,1.0,0.1432903631367505,0.6154329425405044,0.23574602447054765,0.7408794459661521,0.04415843649010306,0.8737661975626823,0.029753452816237584,0.9752319880910668,0.06507415056215576,0.5873880089885483,0.2565602619494096,0.7397931918273362,0.0,0.8978632712644207,0.016627289292206752,0.9983881059070046,0.08873097911140257,0.6060557183483917,0.28198982694709224,0.7386199787004248,0.017135258828063396,0.8918848041722326,0.025839467377908744,0.9852307564164728,0.08853956179977683,0.6673874918294173,0.31047683868248627,0.7889937709820178,0.11911252609151525,0.8969096552448839,0.10835127799345287,0.9726735656981937,0.1410739354376439,0.10004348232689665,0.04036615598822319,0.016045599228179743,0.06586432436397545,0
0.6473023818037095,0.6473023818037095,0.7939300456641537,0.5250228213174759,0.8675194963690039,0.3934074145462717,0.9469012450824851,0.3224527502146239,1.0,0.24697510019956248,0.6492829770629298,0.19426421997919835,0.779484156465165,0.036377587455024084,0.9006247272966179,0.07728181429062052,0.9680073758955354,0.1602816534270766,0.617930781065972,0.19934229864690706,0.7832473972927516,0.0,0.9244963257984272,0.06739634435943298,0.9857791830290564,0.169545972425951,0.6228386602089774,0.22602038487306164,0.7697676980467212,0.019915339353766996,0.906212418264357,0.08384148957153575,0.961751663561379,0.18071622125315065,0.6631214110901208,0.2805254097209482,0.7907737444560049,0.12262420723877879,0.8908570722873111,0.14891908115434102,0.9400808908377166,0.21709996171351267,0.1228615064056012,0.026646306391314035,0.03522925517333692,0.056304566896295705,0
0.7288717591036012,0.7288717591036012,0.8687538342948412,0.5162482532273555,0.9116951769030182,0.34784293805114186,0.9648977159280929,0.23180364777758036,1.0,0.13937948684936277,0.6070180885642268,0.2514883724687508,0.7368583566140184,0.0445937364700539,0.8740791357813648,0.025496734198089174,0.9772681100515812,0.059100560668171674,0.5783647328014236,0.2723107603803992,0.735367312337625,0.0,0.8971191992986367,0.013480135072545474,0.997692662042123,0.08657015512088688,0.5997236021265482,0.29226893768476553,0.7362050055676457,0.01439139709047423,0.8927623716359496,0.022646091055104112,0.9839383969966975,0.08868406925787017,0.6651619664845438,0.31443490616084724,0.7912234706435073,0.11356059285931434,0.9017241413048567,0.10513610740054591,0.9760089736610945,0.14355921004206304,0.09911610351024341,0.040664021947451966,0.016531091496673176,0.0658654310187909,0
0.7568723902111832,0.7568723902111832,0.891526462174512,0.5196834518280598,0.9289805538384031,0.33849830063799485,0.9753555467017249,0.21102611162741236,0.9987746340758172,0.10950478861526676,0.6159004901928689,0.2667950403696266,0.7333588969786393,0.05449346940059431,0.8707972379952463,0.01982584607449017,0.9783163114786577,0.04224210998199565,0.5896827818631617,0.2937817945063205,0.7269761963143184,0.013376086083665332,0.8909776212998719,0.0,1.0,0.05137188037304842,0.6119065141211094,0.3196603354627728,0.7280342155384025,0.02736533268834393,0.8849183536990639,0.008637897268856864,0.9847433497186732,0.054967006773658046,0.6785956570565432,0.34274249245013905,0.790365809254446,0.12626541018233287,0.8984714256326458,0.09454666292947486,0.9766543561611567,0.1117183119201987,0.08336115900082328,0.02789647384049094,0.018585350758002002,0.06797041776910967,0
0.8028637182447317,0.8028637182447317,0.9060441092696059,0.5680222523901449,0.9517276204459703,0.36347654142809444,1.0,0.20652311059520276,0.9689996796629091,0.06135965891963901,0.6675531800743647,0.29371871853364045,0.6721341975999059,0.07088957902326533,0.7969292125491332,0.028597813126500494,0.8908453704635613,0.06097513697371023,0.619121561683652,0.31634967489622945,0.6291002864523526,0.03674913593358284,0.7858457421373518,0.0,0.8920756058167445,0.06143571328939805,0.5882567970761904,0.3447029117093909,0.5975375552353598,0.0696757848353095,0.7603234335103131,0.028799455070440676,0.866986387679852,0.08575773996163756,0.5907396926371695,0.387531895476075,0.6273059066270157,0.15218891815972416,0.7478301891026196,0.09570228919598606,0.8410790258447428,0.12043442927074331,0.08330153912176931,0.0014001227442355638,0.03724414260342939,0.04613608277248571,0
0.7054505795924727,0.7054505795924727,0.8675811997886509,0.5456185972849458,0.9440639848559295,0.3638010056960254,1.0,0.22913158155003388,0.9684390176612607,0.1277148803753941,0.8094046504398804,0.1795485429300352,0.8057436138644558,0.015807865045387445,0.8881873675133464,0.029347756207470554,0.9600880113982363,0.07999886951156253,0.7556703679086225,0.1782560485244066,0.7634581698330981,0.0,0.8715054028420093,0.020229162771976072,0.9485993184650634,0.10233772901191955,0.7081056262242434,0.20370807226431284,0.7230927575413987,0.024596304969808348,0.8346999543527457,0.04619681558033286,0.9187917118483677,0.12604723445656812,0.6593188866386598,0.2587926677406088,0.6942379285100081,0.11324878490588684,0.7830796895863875,0.09701537453307855,0.8658565139943567,0.13624785272451112,0.06581788942777483,0.03413093134900962,0.0517496400119788,0.07324706619800614,0
0.6889829797997021,0.6889829797997021,0.8384982683293736,0.5275845515655136,0.9043034099133407,0.3835456950744012,0.9775245162121505,0.29466810277863037,1.0,0.22042151686010603,0.6023155884459298,0.20644208944817682,0.7617967219512934,0.029878807922866766,0.8918817045398568,0.07430383856813196,0.9686342632063568,0.16697854263054787,0.5731369265498831,0.2183096933768335,0.7722003868787111,0.0,0.9131387193215792,0.06474702736191158,0.9823271550205186,0.17265220323826197,0.5924950598127371,0.2502600821501514,0.7813300471378175,0.028266740272141322,0.9201130038233165,0.0853156485996961,0.9846532585342563,0.17901055106533742,0.6513534597414998,0.2998287512267579,0.8116294281697719,0.14799558888168937,0.9105942623727298,0.17435832035527668,0.9678762310207762,0.23168367549932362,0.07798021068125664,0.01865184964221072,0.008520011890653928,0.06956526864758597,0
0.7160874181928766,0.7160874181928766,0.8557534058621594,0.5123371254229041,0.9049790285472763,0.34198924589182034,0.963836231599689,0.23047298338874572,0.9961096025034084,0.1640530330308258,0.6064074014042904,0.23972969545384734,0.7342952498341924,0.04191740203473567,0.8659313092191663,0.026651656356372157,0.9726109633895855,0.06422946566349624,0.5937470163898549,0.25799637023062283,0.7550903383749367,0.0,0.9039601666197786,0.019207810893976874,1.0,0.09160850625791907,0.6253398320891185,0.2816257718676894,0.7643843673261842,0.032890220683945114,0.907249434162946,0.03479329926568346,0.9972923188418009,0.09337902846230424,0.7027251405514199,0.3071137951889258,0.8217865422657166,0.12288030468328809,0.9211991518185704,0.11468174231101612,0.9924731769833695,0.14949686286780767,0.12948548437837104,0.04889777346912502,0.004084819611577327,0.07111692647487261,0
0.6408894751810981,0.6408894751810981,0.7928757311376079,0.49142639261397336,0.8540977253333282,0.35130090148900717,0.9237035693804271,0.26396374122968697,0.9857258269863116,0.20323375937133897,0.6026460437109326,0.18818087221448157,0.7601822014663135,0.030417426747386886,0.8856142085859983,0.04324410126395558,0.9746681563749551,0.09711906818160647,0.5885026804534137,0.19841648876177748,0.7773925389130223,0.0,0.9182301433406989,0.04295524892031205,1.0,0.12952841963743447,0.619605953219811,0.22588350924897502,0.7867409049886783,0.025052196900041387,0.9254346206814964,0.05784124995140717,0.9990165019875852,0.12891547246257684,0.6876844984546905,0.2681188217365525,0.8226166162338111,0.11597388680892014,0.9191625989956483,0.12482800223230217,0.9797371496339077,0.16875943075307084,0.14489380814440564,0.05586477408621648,0.0015738475663035897,0.06011353910084992,0
0.7054505795924727,0.7054505795924727,0.8675811997886509,0.5456185972849458,0.9440639848559295,0.3638010056960254,1.0,0.22913158155003388,0.9684390176612607,0.1277148803753941,0.8094046504398804,0.1795485429300352,0.8057436138644558,0.015807865045387445,0.8881873675133464,0.029347756207470554,0.9600880113982363,0.07999886951156253,0.7556703679086225,0.1782560485244066,0.7634581698330981,0.0,0.8715054028420093,0.020229162771976072,0.9485993184650634,0.10233772901191955,0.7081056262242434,0.20370807226431284,0.7230927575413987,0.024596304969808348,0.8346999543527457,0.04619681558033286,0.9187917118483677,0.12604723445656812,0.6593188866386598,0.2587926677406088,0.6942379285100081,0.11324878490588684,0.7830796895863875,0.09701537453307855,0.8658565139943567,0.13624785272451112,0.06581788942777483,0.03413093134900962,0.0517496400119788,0.07324706619800614,0
0.7581316037233631,0.7581316037233631,0.8775427322012129,0.5660156255995932,0.9358622846296082,0.3872801049688424,1.0,0.24641686936260285,0.9873457453807862,0.10221759657017684,0.6677755114656524,0.24988177330140435,0.7019401179155206,0.03768151757729947,0.8308797112938208,0.022293055135573826,0.9156911981426442,0.07651885898991072,0.6141400387395646,0.26448958370108383,0.6728385026785726,0.0,0.8327499048674515,0.00379349671525834,0.9291629996272841,0.09587641741217978,0.5851852492709994,0.2826077328144987,0.6441801555806141,0.02952287765110028,0.8060460903418032,0.03375161885805498,0.8990323202280893,0.11271764840991544,0.5879346113212687,0.3237472470168428,0.6668731232514554,0.120987949598099,0.7911998869154128,0.10495579528508159,0.8770809050171797,0.15552873254141564,0.08128966346893811,0.025184502625061497,0.03686043021382896,0.0513758625694093,0
0.7054505795924727,0.7054505795924727,0.8675811997886509,0.5456185972849458,0.9440639848559295,0.3638010056960254,1.0,0.22913158155003388,0.9684390176612607,0.1277148803753941,0.8094046504398804,0.1795485429300352,0.8057436138644558,0.015807865045387445,0.8881873675133464,0.029347756207470554,0.9600880113982363,0.07999886951156253,0.7556703679086225,0.1782560485244066,0.7634581698330981,0.0,0.8715054028420093,0.020229162771976072,0.9485993184650634,0.10233772901191955,0.7081056262242434,0.20370807226431284,0.7230927575413987,0.024596304969808348,0.8346999543527457,0.04619681558033286,0.9187917118483677,0.12604723445656812,0.6593188866386598,0.2587926677406088,0.6942379285100081,0.11324878490588684,0.7830796895863875,0.09701537453307855,0.8658565139943567,0.13624785272451112,0.06581788942777483,0.03413093134900962,0.0517496400119788,0.07324706619800614,0
0.6781376551381711,0.6781376551381711,0.810290091131172,0.5172927180125679,0.8858160376496563,0.3623166208059844,0.96633473488283,0.26371825011515054,1.0,0.15367210798883213,0.6134430797207151,0.19548486408456428,0.7152838121978283,0.04189374898002776,0.8380953881187333,0.04655878537137701,0.9317263884696982,0.09087157139679646,0.561212687919055,0.20097846763781677,0.6983792727779098,0.0,0.8436346108164,0.023678919355560275,0.9459771538820695,0.10240559073956572,0.5386632204469542,0.2189752453131685,0.6617288269515889,0.0033120380982865727,0.811755650252386,0.015391937131274128,0.9153371185461355,0.0781673705919084,0.5454662194646304,0.25881172210379866,0.6643447194265094,0.09477689780996602,0.7774375020872019,0.07923427888041547,0.8629867055479559,0.10685050845812963,0.10968869406029752,0.021678407674949697,0.046195741015727876,0.07058412227212504,0
0.9062215375392484,0.9062215375392484,0.875225101390155,0.9937991113302441,0.845890927543497,0.9491813770652611,0.8765724138382851,0.6342600736840309,0.9065303404523809,0.2629578530934441,0.38843378607981494,0.6525853994132744,0.4300567063411279,0.33225923624417686,0.613785704528023,0.21298948962028322,0.788741197843103,0.16373611246249456,0.33478973376708093,0.4617392139178395,0.515084634078658,0.11372589317279465,0.7771323759148934,0.10273006686497023,0.9783552451565946,0.1625224555444722,0.34934158576361957,0.3380184348383391,0.5271865458339794,0.0,0.7924635751273084,0.0472779848191582,1.0,0.1648309554781095,0.414886864334501,0.27989603257814116,0.5311541537186608,0.008037327785557163,0.7251323270628872,0.01199150945662415,0.8853120700932466,0.09972530452229653,0.11349715803440606,0.13973784578645,0.016041443077163004,0.09718746180304164,0
0.7225196057375548,0.7225196057375548,0.8623727624821441,0.5075404794540977,0.9016514094743135,0.3423228840841115,0.9555008474074497,0.23044439332603275,1.0,0.13930355820820117,0.5986199046403484,0.24919546057480485,0.7329286145796056,0.035259221967456934,0.8713230437779166,0.018559294767735185,0.9742366766491725,0.05336113485248293,0.5750400426969466,0.27228203337848556,0.7348369269315302,0.0,0.8974620514160631,0.012935121895470705,0.9982697357471371,0.08274621957828243,0.6027476746934798,0.295401753299337,0.7426750881034729,0.015119511829202547,0.8992719399795508,0.021714961376167567,0.9888520877309812,0.08531496852454817,0.6753734154396499,0.3199416096868443,0.8064610294647472,0.11951376257238928,0.9154767845846317,0.10741244458017606,0.9854355179500989,0.14025987670569806,0.1051096588638356,0.0444724924547126,0.01143598856245132,0.06449324188798364,0
0.6174411319986441,0.6174411319986441,0.7787514135516915,0.48337409713096496,0.8487413802488705,0.3494122942864489,0.9213002104651352,0.2678158800676381,0.9828545847955864,0.21181149316411624,0.6069926287385149,0.1774977303628241,0.765184366254133,0.030928392864071032,0.8901014854190437,0.0487526439083034,0.9793450358442768,0.11030335950947243,0.5908563476933122,0.1868900586586861,0.7878068991939394,0.0,0.924841294178353,0.053679111997656064,1.0,0.14836788605689086,0.6170222946084388,0.21540253595455588,0.790901138815423,0.02343994315118709,0.9261039913437079,0.06501978985979477,0.9953525862419387,0.14456612877139446,0.6806593788046089,0.26112547979035,0.822900254448288,0.1178590492619913,0.9187205885397078,0.12956759275311572,0.9762400378164516,0.17505498411322035,0.13899186174218786,0.05926411241372101,0.008216609916714523,0.04924254485294556,0
0.7225196057375548,0.7225196057375548,0.8623727624821441,0.5075404794540977,0.9016514094743135,0.3423228840841115,0.9555008474074497,0.23044439332603275,1.0,0.13930355820820117,0.5986199046403484,0.24919546057480485,0.7329286145796056,0.035259221967456934,0.8713230437779166,0.018559294767735185,0.9742366766491725,0.05336113485248293,0.5750400426969466,0.27228203337848556,0.7348369269315302,0.0,0.8974620514160631,0.012935121895470705,0.9982697357471371,0.08274621957828243,0.6027476746934798,0.295401753299337,0.7426750881034729,0.015119511829202547,0.8992719399795508,0.021714961376167567,0.9888520877309812,0.08531496852454817,0.6753734154396499,0.3199416096868443,0.8064610294647472,0.11951376257238928,0.9154767845846317,0.10741244458017606,0.9854355179500989,0.14025987670569806,0.1051096588638356,0.0444724924547126,0.01143598856245132,0.06449324188798364,0
0.6546417363979408,0.6546417363979408,0.8118258081759927,0.5139063980372218,0.8861793299048628,0.38025430947924127,0.961423316801175,0.29726632697906985,1.0,0.21232664344387656,0.6597744499785109,0.19198711534268081,0.7881640739398076,0.03674639677419926,0.9104992519217842,0.0722081305878542,0.9781396145828403,0.14714001615778144,0.626426109211597,0.20050648803614438,0.7828395088303949,0.0,0.9237379209906299,0.0572340959222243,0.9869913700500236,0.15525453644645176,0.6304137660780574,0.23042607655115815,0.7748967184995064,0.014692983595609409,0.9074690940605222,0.06892088025820932,0.9622395080195938,0.16277822254469013,0.6702367761908599,0.28033595486647106,0.7969336530021367,0.11944770969529124,0.8926871164789443,0.14309612852179596,0.9421584084956425,0.20909549826668425,0.08971496052316989,0.015669144153683687,0.0337568361267371,0.06587337385269117,0
0.6954008183808102,0.6954008183808102,0.8111741535151631,0.5258393750752508,0.8876002165188251,0.3745909682546632,0.9729560783692691,0.27369316485433826,1.0,0.16100070069063296,0.5712248597740152,0.21518606985158673,0.6764513146937945,0.05174018013893553,0.8125869917571177,0.044114622848770914,0.9195494746274903,0.0816886897852395,0.5221304558490044,0.2248154908717573,0.6714372528004551,0.0,0.8278846036379967,0.012604076811738286,0.9336162210904932,0.08805302710750142,0.5081981293229729,0.23984611659167218,0.6461244158857075,0.013957197175162837,0.8012558107304467,0.014032027963672221,0.902386770029874,0.07262050611539268,0.5296651297111842,0.2742443612593606,0.6505819004571836,0.10235545257893892,0.7637618396422674,0.08394916403273148,0.846391971033572,0.11263907980451927,0.13077089321889407,0.017872007279926865,0.04032269060408197,0.0796686383566253,0
0.04064091807247095,0.04064091807247095,0.2804050223769208,0.0,0.5502952712889185,0.142187581416377,0.7274903256001599,0.3401493655255904,0.8541415525996995,0.5142390111275712,0.6910589282539448,0.1455723408086194,1.0,0.5151868037007344,0.9255959737142578,0.7155572289463713,0.8377648368414884,0.7595709668778924,0.6106035731288669,0.210873406579012,0.8624475369909954,0.6999496549683727,0.7623555313412869,0.808939708280845,0.686119597419577,0.7360003630011162,0.4771239158209845,0.28574346773030385,0.7205593037473502,0.7848339381673195,0.6248284214151103,0.8580526586969709,0.5444560042819195,0.7815373495253385,0.3251687398748889,0.3502363548516723,0.5017382216075137,0.7189557212584788,0.48029265810343363,0.821454206153827,0.45332366018231274,0.811300099945685,0.07456905153078547,0.04654269971036102,0.04512833733891078,0.029074928869019506,0
0.6595963222872397,0.6595963222872397,0.8284366339309507,0.5146013873638959,0.8978552940982499,0.39006792093009446,0.9744349528558071,0.3111319911706126,0.9908320934842515,0.24669445418006822,0.6223846654678887,0.16898081711968158,0.7890899468483525,0.02387063272542541,0.9126794730081518,0.06772474713736709,0.9807456426220248,0.15445129160212645,0.5976623246937662,0.17925371466744944,0.8089917021546964,0.0,0.9391167501626774,0.07666314582875622,0.9969962844288847,0.18435377194004668,0.6193386933121329,0.21094347130053803,0.8219498750620644,0.037167651203889394,0.948100378791103,0.10226634516526253,1.0,0.19483121281225244,0.6781218701822217,0.26748632625194285,0.8431980342945766,0.1474857530362417,0.9352050777116548,0.17358897696412137,0.9847515295332833,0.22797037962667333,0.11858480431037872,0.0434924132152622,0.013929016015775893,0.04661839190926699,0
0.7503233353931006,0.7503233353931006,0.8738189277561292,0.5534811335781297,0.9246070583741525,0.3847149816566574,0.9908317830465183,0.251007962913158,1.0,0.11561847780772172,0.6617331104754223,0.25234155500764965,0.7198272569927295,0.04820645830822796,0.8533270975061797,0.0419273359017754,0.9453257552031514,0.09804033206079969,0.6153434007152742,0.2642165786111402,0.688970453085709,0.0012460185365942374,0.8526495015393367,0.0,0.953913316049639,0.08357925337356856,0.5929609974352443,0.2841430446756492,0.661616973792623,0.02693876101520118,0.8234507788407757,0.026710761195536628,0.9183240447198047,0.10163072505308003,0.6083187834795801,0.32127611740733225,0.6901278057842949,0.11085329659558409,0.8108689680844763,0.09258275448631527,0.8965494953215322,0.1372377049742136,0.06267852933754346,0.018355606971671587,0.04355211303154312,0.045551077650761544,0
0.8006033956799143,0.8006033956799143,0.9386664761705211,0.6013165419420712,0.9888763341135322,0.43166833932100096,1.0,0.2928854469255304,0.9903864897239946,0.14511257895912372,0.7646908246265528,0.2510117244263123,0.7748674525321627,0.05214850070189476,0.8767614639043175,0.030743158447623486,0.9682320119041145,0.07866561583756707,0.705231586517265,0.2444121439225938,0.7355204219920222,0.007620147240947095,0.8560994183193306,0.002476932161196426,0.9577345547305459,0.07443576174151025,0.634797626049435,0.2545953341276127,0.6762061745295199,0.013020661296346079,0.8210980767941463,0.0,0.9323417630030736,0.07616894510649462,0.5633037767195711,0.2999057638303367,0.5970250823226251,0.08231970566795359,0.7182433344541775,0.025750023672074147,0.8321282169961229,0.05401436394331672,0.08079647833894978,0.013055168101254528,0.029359423036939048,0.11839020923495645,0
0.6552337503245284,0.6552337503245284,0.8057745687825023,0.5172170066455379,0.87345476455727,0.3796458339825236,0.9516201151419316,0.30193910020586145,1.0,0.22916019693607215,0.6467227671580517,0.19674209037921017,0.7722654220401264,0.034628876226663496,0.8934851820801765,0.06906286663038487,0.9650738971450761,0.14910277164832175,0.615979717409606,0.20516417906109413,0.7806722448566078,0.0,0.9222089034349216,0.062405404418465565,0.9836387458146324,0.16454271826860276,0.623153278020167,0.23368507268091107,0.766710272035776,0.016820088423233966,0.9039973897430024,0.07408786540047566,0.9594139001700976,0.17039425951277698,0.6691000540038572,0.2847659171222118,0.7909748272402408,0.11342469332003609,0.8887561053591438,0.1334859515530323,0.9375204977715784,0.19850775822380123,0.11373365709630714,0.0314416811191629,0.032451111204095245,0.04639843605905249,0
0.5970495231810234,0.5970495231810234,0.7662112285862225,0.5105397521684235,0.858864060982249,0.3946473553277976,0.9450965220518319,0.33281279627671917,1.0,0.2580194282549396,0.6574819231215271,0.15493224763889077,0.7983521318665057,0.018364801183720213,0.9183743949405179,0.07047263408375193,0.9847586064306888,0.1651745354482366,0.6238571082587424,0.1581595480547341,0.8064253853236596,0.0,0.9439778795875252,0.08303979544744107,0.9983729636932757,0.1901231202648919,0.6244372034193145,0.1889095939826012,0.7913424942806562,0.004103487744569149,0.9251547550555248,0.08390586214437312,0.9760233663849931,0.18835925857455765,0.6587290999255485,0.2460407688924202,0.8016383033258724,0.10753955224541675,0.8995262583207891,0.15128509153931974,0.9441448584324519,0.22866804437723345,0.1210754956001303,0.036573891298935554,0.028849743032475665,0.06613193086258759,0
0.714869112851849,0.714869112851849,0.8454525751602184,0.5013679257391834,0.8943970545729714,0.345813457852926,0.9605439674195339,0.23749295853259708,1.0,0.16322444934867786,0.5542973217975887,0.199681128021911,0.7321105008488962,0.03670933035151922,0.8707393216049295,0.04419259411327242,0.9658506357440019,0.08879097926352748,0.5302410971649815,0.2041584942471176,0.7380895716311685,0.0,0.8880070807353231,0.02562743297821313,0.9846691059924051,0.1015999032353903,0.5531199969268905,0.2229491433184955,0.7529154326293179,0.028987503683325994,0.8999612408240037,0.04916004438067584,0.9881090028308908,0.11068791681920287,0.6177301706864847,0.252984094655214,0.7883908003871224,0.11238879347751675,0.8946793461271343,0.11586479394590543,0.9665407582271024,0.15234769629041592,0.09930466836083932,0.027603944537229298,0.011783227400041297,0.05688582518371222,0
0.7696386090194116,0.7696386090194116,0.8963609849630731,0.540214819905088,0.9380380550771126,0.36736016488688333,1.0,0.23217458422291765,0.9998301186483199,0.0975509490486529,0.6727090395253075,0.2483422499572754,0.7192355116788208,0.044577799618030024,0.8525480853518733,0.02872472897937608,0.9450526036222344,0.08397200770806801,0.6271345158592337,0.2668487675065899,0.6872467772207169,0.008296916803984488,0.8506035079766875,0.0,0.9537937910779665,0.07269645165343927,0.6015171999376722,0.2896734553079088,0.6592688047896343,0.03291378642087424,0.8221491951782823,0.027248484712719147,0.9178392057547796,0.0981473101570132,0.6116950292903628,0.3276033181483795,0.6882346329414939,0.1128720149722315,0.8098344786380235,0.08813536191663916,0.895508378013182,0.1255512414593703,0.06201666384875948,0.01567790372168533,0.048407266195505665,0.038846226475821775,0
0.6630423331613713,0.6630423331613713,0.8172727673618734,0.5155762370386405,0.8885979386235421,0.37732079676130753,0.9646389442310842,0.29068103468272716,1.0,0.2012330372129244,0.6481189223597184,0.20393097065420598,0.7650712279101601,0.02868211934507405,0.8919966472751067,0.04792515216386867,0.9675450995819863,0.12045002468559912,0.6145855392303369,0.2193762653059291,0.7657360385505656,0.0,0.9145888039863012,0.04594439723006017,0.9817890685474023,0.14191280756949007,0.6196286216270749,0.24995630520592715,0.7524871499364282,0.020048055299377098,0.8944098403788789,0.06257275129254915,0.9553877572469233,0.15487375243212392,0.6628608063683689,0.2963546443743586,0.7799642857962373,0.11852404585916597,0.8793450704150154,0.13171640898381778,0.930621323045876,0.19646946972661317,0.1142005736225602,0.03379016118764598,0.038580518029347616,0.06350326287710821,0
0.6954008183808102,0.6954008183808102,0.8111741535151631,0.5258393750752508,0.8876002165188251,0.3745909682546632,0.9729560783692691,0.27369316485433826,1.0,0.16100070069063296,0.5712248597740152,0.21518606985158673,0.6764513146937945,0.05174018013893553,0.8125869917571177,0.044114622848770914,0.9195494746274903,0.0816886897852395,0.5221304558490044,0.2248154908717573,0.6714372528004551,0.0,0.8278846036379967,0.012604076811738286,0.9336162210904932,0.08805302710750142,0.5081981293229729,0.23984611659167218,0.6461244158857075,0.013957197175162837,0.8012558107304467,0.014032027963672221,0.902386770029874,0.07262050611539268,0.5296651297111842,0.2742443612593606,0.6505819004571836,0.10235545257893892,0.7637618396422674,0.08394916403273148,0.846391971033572,0.11263907980451927,0.13077089321889407,0.017872007279926865,0.04032269060408197,0.0796686383566253,0
0.732423162564003,0.732423162564003,0.8614413956386142,0.4961319459482917,0.903089159126639,0.339651644641883,0.9650606000837655,0.22742962364110655,1.0,0.14681131832879601,0.5471544486633607,0.2122708179379041,0.7244765863401682,0.039226843484635406,0.8633155960059062,0.0378938576781211,0.9586454701569804,0.08462342437578917,0.5244125405969318,0.21953938605506088,0.7340066545501979,0.0,0.881281081027095,0.016209239731042727,0.978005102876537,0.08972912920832231,0.5506415477150572,0.23649032104854312,0.749461345425509,0.025472867346131852,0.8975541846823729,0.038047646250122615,0.9874310544556368,0.09790832011704902,0.621156524657567,0.25914787267412304,0.788538188234005,0.09842204718018742,0.8964707959605323,0.09427877092829826,0.9705119882926745,0.12826090642858073,0.08813823401355984,0.023628799022505812,0.01472835337075759,0.041010312041566216,0
0.7228988192056207,0.7228988192056207,0.8429477509450491,0.5313157790448969,0.8987899618626113,0.36127145002951083,0.964445304668653,0.24724777600225403,0.9811454037172866,0.14742747479651425,0.6275431478980086,0.23349354457082921,0.7320223996752129,0.047916456769613223,0.8715501341001476,0.0341571815974024,0.9767174962274434,0.06322184968385311,0.5849605091246364,0.24579398604722408,0.718575364357474,0.0,0.8898379431177846,0.0033902137266523563,1.0,0.06778200008174338,0.576282144374968,0.26495930657757216,0.7031480520538895,0.014932640593342685,0.8656924875965594,0.020289068462072745,0.9635998942056736,0.08376652151211349,0.6065944798865929,0.2988695187985561,0.7333096716462634,0.11277162128066044,0.8519290879860704,0.09653949690052191,0.9337223639342221,0.12594193412054616,0.10114259746740165,0.02845754431214812,0.04768555886998546,0.061996256923687994,0
0.6934377549091236,0.6934377549091236,0.8101312536863976,0.5215455600377367,0.884702894012632,0.36346541630778845,0.9718808130007013,0.2595426658740403,1.0,0.14453919590142975,0.5656753805427416,0.21507217630621786,0.68638013185934,0.057482953503281024,0.8182719189840323,0.04602454779818879,0.9264199508883578,0.07799753770251013,0.5207184385048356,0.2245846324916965,0.687547033841465,0.0,0.8384038407809076,0.015013063191077172,0.944198011442728,0.0939724235527947,0.5105093346509526,0.23943163919109403,0.6552741114603517,0.01690558164475699,0.8093068233832371,0.016255243439057997,0.9110218006492643,0.07149237841833306,0.5365888233965155,0.27329782035653033,0.6596829297214424,0.09549251135492665,0.7709271960533065,0.07279396883228442,0.8518855815551339,0.09582736634594613,0.11645089177605335,0.02805567650006183,0.04704135050362409,0.07506350497406797,0
0.9026999972849269,0.9026999972849269,0.961870228080429,0.8624432514000488,0.9717567380254559,0.7680798145747981,1.0,0.5045533919122259,0.9940540613920894,0.23351078955754312,0.5122765959271046,0.6420448358595421,0.5130157745746267,0.33466430264776786,0.671886311315996,0.23699176332565014,0.8391116280864308,0.2181796292353354,0.4270575252537522,0.5184823956090123,0.5508321699006997,0.13978446606658787,0.782475060624724,0.08895911957324767,0.9755742736822249,0.1508793978825288,0.392218046805002,0.43100334811381014,0.5045048778431459,0.043525193734754504,0.7546077648232273,0.01016237566037008,0.9582902613186396,0.08768942993468105,0.40259707458019967,0.38215614671111764,0.47905528317497786,0.06805487877198674,0.6668646764704621,0.0,0.8393501972714944,0.03851881331300363,0.12988775485342505,0.126931838023004,0.05465089972997627,0.10736709168650256,0
0.6976296467784153,0.6976296467784153,0.8542468679948051,0.5139444645254924,0.9128603381824123,0.3763636635138986,0.9805155303066668,0.2851415547436526,1.0,0.21451791197572226,0.6117408190168312,0.20641889944681277,0.7683838595585861,0.029517873562459655,0.8952261599252989,0.04680383588642766,0.9722394074960634,0.11721377345476103,0.5904708400713918,0.2187452418275082,0.7851173549728904,0.0,0.9191675971115051,0.045763280824254834,0.9881116038935683,0.13879165487130043,0.619323328103088,0.2460017260359329,0.8054363221007146,0.0357121437092424,0.9349040081801423,0.07355599546894227,0.9962001624021534,0.15606497063712424,0.6875438324852461,0.28587202649044074,0.8397097926538617,0.13294058413113158,0.9310643190148842,0.14207401846308618,0.9853020216169261,0.18810654293160362,0.12894297118986944,0.034134598812349204,0.024305300381430847,0.04312795986693667,0
0.6883734503496232,0.6883734503496232,0.819131732027944,0.5156918301913692,0.8833144858692623,0.3595799965491319,0.9581632369952497,0.2540246457594826,1.0,0.17340730996733827,0.5499334432048681,0.22084484804029578,0.7034474556733568,0.058310544406839526,0.8366785050612732,0.0514110106385564,0.9424753052317104,0.08491137810335107,0.5213081103702636,0.2321836025847488,0.7122605605878465,0.0,0.861215564225029,0.01637929515614773,0.9608524433928027,0.0928368312525517,0.5388085452727968,0.24787186343635173,0.6986118609818611,0.02339327562715072,0.8482950605603043,0.021478021068926635,0.9411951020355261,0.0735098183676908,0.5974168510909927,0.26980082375298914,0.7293537743261896,0.08995819670271987,0.8361404207628849,0.06510171960157865,0.91163469078278,0.07994483167702467,0.12426133641068256,0.023561337921846504,0.032454301585168654,0.03561605521002006,0
0.6552588409163906,0.6552588409163906,0.8086959721301478,0.5161868065665233,0.8812326815175179,0.38207477933414663,0.9561086850418605,0.3011507768323167,1.0,0.21868031490340267,0.6594809665502424,0.18916749336679586,0.7844723074869955,0.03474241159339921,0.9043653469101826,0.0709689134360809,0.9742270280221014,0.1481220355773156,0.6257489812037524,0.1961803862434896,0.77883666275573,0.0,0.9161236969327294,0.053251715337503544,0.9810090581120685,0.14724007274923165,0.6283068579496124,0.22660888983490052,0.769812304088872,0.011234118571724185,0.8991886254112308,0.06654231942371563,0.9547684369127792,0.1599041029748731,0.6671280315051494,0.2801035089127264,0.7910659655725556,0.11939001918863225,0.8866458932687367,0.14559120256261565,0.9378241153871938,0.21395235530222595,0.09826035910778542,0.008946136096376286,0.03811313971903653,0.0740923383151434,0
0.6508562766960874,0.6508562766960874,0.8066461827916063,0.5200109049086521,0.8827264417620002,0.38565353653138135,0.9591909741491723,0.304588840372383,1.0,0.22498872529538883,0.657855119422111,0.18886103266054086,0.7912772508667879,0.0358350338460977,0.9132144868845566,0.07373612961878599,0.9804006433094207,0.14912974019843367,0.6262439151820542,0.19704554613885464,0.7860407851739261,0.0,0.9254285404363651,0.056613853409783574,0.9881475297817878,0.15236382883170776,0.631844470141394,0.22904469157017962,0.7788157933959488,0.017511527319731532,0.9099648386862091,0.07261431459255861,0.9640744450238592,0.1648651078541552,0.6735413480121465,0.2825659732108713,0.7989618079540292,0.12328788827849553,0.8946879884041828,0.1483364301917664,0.9445522710660308,0.21506951395165033,0.102497266991271,0.010982128565483085,0.035485578459555994,0.07046800160407038,0
0.7581316037233631,0.7581316037233631,0.8775427322012129,0.5660156255995932,0.9358622846296082,0.3872801049688424,1.0,0.24641686936260285,0.9873457453807862,0.10221759657017684,0.6677755114656524,0.24988177330140435,0.7019401179155206,0.03768151757729947,0.8308797112938208,0.022293055135573826,0.9156911981426442,0.07651885898991072,0.6141400387395646,0.26448958370108383,0.6728385026785726,0.0,0.8327499048674515,0.00379349671525834,0.9291629996272841,0.09587641741217978,0.5851852492709994,0.2826077328144987,0.6441801555806141,0.02952287765110028,0.8060460903418032,0.03375161885805498,0.8990323202280893,0.11271764840991544,0.5879346113212687,0.3237472470168428,0.6668731232514554,0.120987949598099,0.7911998869154128,0.10495579528508159,0.8770809050171797,0.15552873254141564,0.08128966346893811,0.025184502625061497,0.03686043021382896,0.0513758625694093,0
0.7288717591036012,0.7288717591036012,0.8687538342948412,0.5162482532273555,0.9116951769030182,0.34784293805114186,0.9648977159280929,0.23180364777758036,1.0,0.13937948684936277,0.6070180885642268,0.2514883724687508,0.7368583566140184,0.0445937364700539,0.8740791357813648,0.025496734198089174,0.9772681100515812,0.059100560668171674,0.5783647328014236,0.2723107603803992,0.735367312337625,0.0,0.8971191992986367,0.013480135072545474,0.997692662042123,0.08657015512088688,0.5997236021265482,0.29226893768476553,0.7362050055676457,0.01439139709047423,0.8927623716359496,0.022646091055104112,0.9839383969966975,0.08868406925787017,0.6651619664845438,0.31443490616084724,0.7912234706435073,0.11356059285931434,0.9017241413048567,0.10513610740054591,0.9760089736610945,0.14355921004206304,0.09911610351024341,0.040664021947451966,0.016531091496673176,0.0658654310187909,0
0.026668703095863444,0.026668703095863444,0.2770387651747493,0.0,0.5225765790223262,0.12575688027452234,0.6840105065677011,0.26773836379766086,0.7969973358545223,0.3716663264623947,0.6381839975904539,0.085997176178922,0.8933788163262146,0.3375150251176731,0.9767171002655192,0.5468998711563399,1.0,0.692179406123252,0.6171127568059754,0.09998543025813568,0.8961578249986027,0.39320620177199034,0.9612309195823109,0.6050755097028565,0.9652778315473352,0.7541618608102472,0.5557949509483454,0.1490932945178417,0.8115582157344579,0.4174423586728758,0.8845151874427326,0.6389144032576106,0.9010337436272225,0.8236531570967855,0.45517269118298104,0.2446176749218107,0.6437385432300047,0.438686453833321,0.7248615137927537,0.6176019703206205,0.7625614917223014,0.7832688201425779,0.12375982136799595,0.023175389002604973,0.03087139274002155,0.04705215455308503,0
0.7076533920899556,0.7076533920899556,0.8459752662922794,0.4975094843520036,0.8982857269884289,0.34496953885250464,0.9648460364342718,0.24179919306969927,1.0,0.16295586148010743,0.5653616388620788,0.19661966022766592,0.7459372177355122,0.04098759741458839,0.8772764427885664,0.04768080170992591,0.9694643273864572,0.09385815379414224,0.5424166183635726,0.20261535185126203,0.7558460928766211,0.0,0.894124568433624,0.029462870156388706,0.984285157646423,0.10471649485343903,0.5664526566950885,0.22228308748282047,0.768582076325728,0.028701694082997352,0.9078959230082957,0.048350153482925734,0.9921183238025488,0.10824734836085366,0.6331509617778728,0.25214289852656535,0.802108253146902,0.11138660142532242,0.9044394620120687,0.11300783015236131,0.9736969008231734,0.1466676506907654,0.0933785986013569,0.022710270259613523,0.010620608475149042,0.05266726836214063,0
0.7923015656548852,0.7923015656548852,0.9350413237974989,0.6142469581762366,0.9639366247314106,0.40648520722752735,1.0,0.25289075592910465,0.9904465807063966,0.12354448426464743,0.7117506696127585,0.27616289123860194,0.7252078010433614,0.09836624282667208,0.8132947683958539,0.057033538865121296,0.885317213447768,0.0919825802178135,0.6509881275622156,0.2691187138706813,0.6667702972126247,0.04022360994608074,0.7878084399664471,0.012224920276898775,0.8895368792674406,0.08008559835667967,0.591245382320647,0.2766908761923441,0.6078010871411584,0.031323167069149394,0.7482114838040834,0.0,0.8589016030428744,0.05620843924407965,0.5478268559590501,0.3085269788928602,0.5724462886948177,0.07634339281117401,0.6807241110064286,0.01593301858542061,0.7883632400764221,0.03146541052800247,0.11955270788567371,0.013748755186064514,0.04230468834305657,0.08141779097333356,0
0.698529951801967,0.698529951801967,0.8602014098737976,0.5162017525238257,0.9198639885352671,0.377229080033825,0.9827928364611461,0.2889839186196821,0.9963099119712417,0.22100074872775963,0.6154269281261139,0.2034287939772236,0.7703842712402644,0.02319520683165515,0.8957422223241642,0.04727868237021136,0.976038979717412,0.12259163723285761,0.5927146027190591,0.22598869395337384,0.7854724813877139,0.0,0.9180322151879625,0.04952965198319236,0.9893398393149246,0.13789414407825154,0.6197503569856253,0.2586776938810522,0.8041983054270943,0.04327738315552122,0.9347080371325903,0.07943524066600492,1.0,0.15655966498938229,0.6880326200954412,0.3049819535311326,0.8415776786911705,0.14933375165971108,0.9328917111226211,0.16037382322301205,0.9883831342226163,0.20476920156692172,0.12793791001790167,0.025816856826458234,0.027370361172954015,0.06314362031920756,0
0.6838689178214532,0.6838689178214532,0.8378713016142646,0.4872769794051131,0.8865621456619968,0.3353057970818558,0.9450715635837147,0.23622275026975054,0.9969077006177727,0.16526068403686842,0.6096928649357222,0.21177004448598544,0.7500327998113446,0.034116306368896517,0.8792988158817259,0.03270515128359738,0.9763531600330112,0.0777317398461467,0.5879222060020985,0.23209863146964124,0.7611061528485706,0.0,0.908822288223514,0.026427530827962478,1.0,0.10540287591904741,0.6134514975979553,0.2598913487316607,0.7650469863853938,0.020701263090059648,0.908147091244602,0.036529283380433715,0.9898499332163899,0.10307580135116481,0.6812358099046343,0.29265075481055747,0.8137255014051261,0.11668476161724174,0.9137726169152827,0.11229905761789719,0.9785717250102949,0.14745783870229695,0.11366607886476132,0.04601598694333539,0.013164851790667153,0.057891974872993135,0
0.7228988192056207,0.7228988192056207,0.8429477509450491,0.5313157790448969,0.8987899618626113,0.36127145002951083,0.964445304668653,0.24724777600225403,0.9811454037172866,0.14742747479651425,0.6275431478980086,0.23349354457082921,0.7320223996752129,0.047916456769613223,0.8715501341001476,0.0341571815974024,0.9767174962274434,0.06322184968385311,0.5849605091246364,0.24579398604722408,0.718575364357474,0.0,0.8898379431177846,0.0033902137266523563,1.0,0.06778200008174338,0.576282144374968,0.26495930657757216,0.7031480520538895,0.014932640593342685,0.8656924875965594,0.020289068462072745,0.9635998942056736,0.08376652151211349,0.6065944798865929,0.2988695187985561,0.7333096716462634,0.11277162128066044,0.8519290879860704,0.09653949690052191,0.9337223639342221,0.12594193412054616,0.10114259746740165,0.02845754431214812,0.04768555886998546,0.061996256923687994,0
0.8035699167113624,0.8035699167113624,0.9382732669171048,0.609696819122585,0.9935049577585536,0.42367424343399557,1.0,0.288514463816733,0.9866480135377358,0.13783016624672245,0.758050666277112,0.2564083521090867,0.772286241646878,0.06115005176883058,0.8740340661297494,0.03309441120552599,0.9672856178617927,0.07463913766243736,0.6986693384572569,0.25710022040406344,0.7096231378415756,0.02333470708225326,0.8356247927380753,0.0,0.9413362116305529,0.053235018761536024,0.6285562680804374,0.2747819151375046,0.6479108264565915,0.03921406278156966,0.7894064764886338,0.006886640656072628,0.8984381914284465,0.06560752935255373,0.5589865571648381,0.3292981724696451,0.5795783692658423,0.1178342155182801,0.6911005061722735,0.066272926767631,0.7944001693283275,0.09182733575525445,0.07388779642896362,0.03760622946865705,0.04991365805242879,0.11994850265897437,0
0.7816553040107346,0.7816553040107346,0.92300741257379,0.5290534968769083,0.9475502439426683,0.3564055622708883,0.995607275809827,0.2264074362832571,1.0,0.1232522101135344,0.5670405811743788,0.3024712181021085,0.6584248202687525,0.04393497829516141,0.8036551828588134,0.0,0.9099602429320374,0.04148184530209701,0.5500494626314016,0.3239952829661972,0.6762656655842335,0.01307040461002401,0.8488569697903378,0.0009723872903537309,0.952830229307475,0.06926585159291954,0.5827006919095041,0.3377758884931953,0.7042266676627703,0.04738721492389491,0.8707475591872135,0.02780556504051717,0.9659867915523432,0.09157026067442423,0.6644020609855252,0.3504962986643968,0.7636586735195295,0.11101350647931976,0.879376113508777,0.0744748168660288,0.9585309197470643,0.10269052680429522,0.1405623546369141,0.05903850145886072,0.029926690690526676,0.015472582730960582,0
0.6824473452647235,0.6824473452647235,0.8420146687284488,0.5134138542825394,0.9047351333278755,0.38156966042998575,0.9770342970695176,0.28972031403055687,0.99074753722572,0.2178653685301902,0.6107455334574906,0.19363985643859394,0.7730120128767871,0.03758389634449699,0.8985569319216882,0.05803322705728315,0.9733327989951388,0.12692874428425113,0.5890339375362468,0.2028714571230812,0.7903117920615282,0.0,0.9253064820757206,0.053326793415503095,0.9931308535079398,0.15028335000277665,0.6141536111624776,0.22847856168371491,0.8079627001406645,0.03286305847167444,0.9389550062431693,0.0773974142229759,1.0,0.16013962257021633,0.6804455235531506,0.27309888481710465,0.8403864639158555,0.1337385792367246,0.9335123595286908,0.15140297553856996,0.9860533609204509,0.20364997260562578,0.12049542852946987,0.03984494960321147,0.01563474888651471,0.05946213348134475,0
0.6552588409163906,0.6552588409163906,0.8086959721301478,0.5161868065665233,0.8812326815175179,0.38207477933414663,0.9561086850418605,0.3011507768323167,1.0,0.21868031490340267,0.6594809665502424,0.18916749336679586,0.7844723074869955,0.03474241159339921,0.9043653469101826,0.0709689134360809,0.9742270280221014,0.1481220355773156,0.6257489812037524,0.1961803862434896,0.77883666275573,0.0,0.9161236969327294,0.053251715337503544,0.9810090581120685,0.14724007274923165,0.6283068579496124,0.22660888983490052,0.769812304088872,0.011234118571724185,0.8991886254112308,0.06654231942371563,0.9547684369127792,0.1599041029748731,0.6671280315051494,0.2801035089127264,0.7910659655725556,0.11939001918863225,0.8866458932687367,0.14559120256261565,0.9378241153871938,0.21395235530222595,0.09826035910778542,0.008946136096376286,0.03811313971903653,0.0740923383151434,0
0.7503233353931006,0.7503233353931006,0.8738189277561292,0.5534811335781297,0.9246070583741525,0.3847149816566574,0.9908317830465183,0.251007962913158,1.0,0.11561847780772172,0.6617331104754223,0.25234155500764965,0.7198272569927295,0.04820645830822796,0.8533270975061797,0.0419273359017754,0.9453257552031514,0.09804033206079969,0.6153434007152742,0.2642165786111402,0.688970453085709,0.0012460185365942374,0.8526495015393367,0.0,0.953913316049639,0.08357925337356856,0.5929609974352443,0.2841430446756492,0.661616973792623,0.02693876101520118,0.8234507788407757,0.026710761195536628,0.9183240447198047,0.10163072505308003,0.6083187834795801,0.32127611740733225,0.6901278057842949,0.11085329659558409,0.8108689680844763,0.09258275448631527,0.8965494953215322,0.1372377049742136,0.06267852933754346,0.018355606971671587,0.04355211303154312,0.045551077650761544,0
0.6889829797997021,0.6889829797997021,0.8384982683293736,0.5275845515655136,0.9043034099133407,0.3835456950744012,0.9775245162121505,0.29466810277863037,1.0,0.22042151686010603,0.6023155884459298,0.20644208944817682,0.7617967219512934,0.029878807922866766,0.8918817045398568,0.07430383856813196,0.9686342632063568,0.16697854263054787,0.5731369265498831,0.2183096933768335,0.7722003868787111,0.0,0.9131387193215792,0.06474702736191158,0.9823271550205186,0.17265220323826197,0.5924950598127371,0.2502600821501514,0.7813300471378175,0.028266740272141322,0.9201130038233165,0.0853156485996961,0.9846532585342563,0.17901055106533742,0.6513534597414998,0.2998287512267579,0.8116294281697719,0.14799558888168937,0.9105942623727298,0.17435832035527668,0.9678762310207762,0.23168367549932362,0.07798021068125664,0.01865184964221072,0.008520011890653928,0.06956526864758597,0
0.6546417363979408,0.6546417363979408,0.8118258081759927,0.5139063980372218,0.8861793299048628,0.38025430947924127,0.961423316801175,0.29726632697906985,1.0,0.21232664344387656,0.6597744499785109,0.19198711534268081,0.7881640739398076,0.03674639677419926,0.9104992519217842,0.0722081305878542,0.9781396145828403,0.14714001615778144,0.626426109211597,0.20050648803614438,0.7828395088303949,0.0,0.9237379209906299,0.0572340959222243,0.9869913700500236,0.15525453644645176,0.6304137660780574,0.23042607655115815,0.7748967184995064,0.014692983595609409,0.9074690940605222,0.06892088025820932,0.9622395080195938,0.16277822254469013,0.6702367761908599,0.28033595486647106,0.7969336530021367,0.11944770969529124,0.8926871164789443,0.14309612852179596,0.9421584084956425,0.20909549826668425,0.08971496052316989,0.015669144153683687,0.0337568361267371,0.06587337385269117,0
0.6883734503496232,0.6883734503496232,0.819131732027944,0.5156918301913692,0.8833144858692623,0.3595799965491319,0.9581632369952497,0.2540246457594826,1.0,0.17340730996733827,0.5499334432048681,0.22084484804029578,0.7034474556733568,0.058310544406839526,0.8366785050612732,0.0514110106385564,0.9424753052317104,0.08491137810335107,0.5213081103702636,0.2321836025847488,0.7122605605878465,0.0,0.861215564225029,0.01637929515614773,0.9608524433928027,0.0928368312525517,0.5388085452727968,0.24787186343635173,0.6986118609818611,0.02339327562715072,0.8482950605603043,0.021478021068926635,0.9411951020355261,0.0735098183676908,0.5974168510909927,0.26980082375298914,0.7293537743261896,0.08995819670271987,0.8361404207628849,0.06510171960157865,0.91163469078278,0.07994483167702467,0.12426133641068256,0.023561337921846504,0.032454301585168654,0.03561605521002006,0
0.7682467807598325,0.7682467807598325,0.8881853550615908,0.4950135026057537,0.930318528601247,0.32068553569008995,0.985681213615366,0.19943245124581627,1.0,0.10696142986120326,0.5564891363716148,0.24425556340780832,0.7061790757945202,0.04133810792998139,0.8444074114324931,0.023821421559297284,0.9477503295844664,0.0660778953147269,0.5338288658551694,0.25766069982185325,0.7173232037271314,0.0006250696745664866,0.8654560854591957,0.0,0.9712709621624824,0.05391217812351707,0.5634033301290539,0.2743908766696628,0.7368017107370183,0.020285931411606218,0.8856705660406814,0.018721681103937342,0.9827790490154696,0.06712814246054644,0.6377216001463442,0.2922182340517044,0.7744184713004831,0.09263398731857844,0.8807033323506342,0.08237904195044354,0.9603845675813774,0.11477957919263765,0.07903163455624214,0.031544937851303745,0.020875619318785194,0.06272073461334088,0
0.7228988192056207,0.7228988192056207,0.8429477509450491,0.5313157790448969,0.8987899618626113,0.36127145002951083,0.964445304668653,0.24724777600225403,0.9811454037172866,0.14742747479651425,0.6275431478980086,0.23349354457082921,0.7320223996752129,0.047916456769613223,0.8715501341001476,0.0341571815974024,0.9767174962274434,0.06322184968385311,0.5849605091246364,0.24579398604722408,0.718575364357474,0.0,0.8898379431177846,0.0033902137266523563,1.0,0.06778200008174338,0.576282144374968,0.26495930657757216,0.7031480520538895,0.014932640593342685,0.8656924875965594,0.020289068462072745,0.9635998942056736,0.08376652151211349,0.6065944798865929,0.2988695187985561,0.7333096716462634,0.11277162128066044,0.8519290879860704,0.09653949690052191,0.9337223639342221,0.12594193412054616,0.10114259746740165,0.02845754431214812,0.04768555886998546,0.061996256923687994,0
0.7076533920899556,0.7076533920899556,0.8459752662922794,0.4975094843520036,0.8982857269884289,0.34496953885250464,0.9648460364342718,0.24179919306969927,1.0,0.16295586148010743,0.5653616388620788,0.19661966022766592,0.7459372177355122,0.04098759741458839,0.8772764427885664,0.04768080170992591,0.9694643273864572,0.09385815379414224,0.5424166183635726,0.20261535185126203,0.7558460928766211,0.0,0.894124568433624,0.029462870156388706,0.984285157646423,0.10471649485343903,0.5664526566950885,0.22228308748282047,0.768582076325728,0.028701694082997352,0.9078959230082957,0.048350153482925734,0.9921183238025488,0.10824734836085366,0.6331509617778728,0.25214289852656535,0.802108253146902,0.11138660142532242,0.9044394620120687,0.11300783015236131,0.9736969008231734,0.1466676506907654,0.0933785986013569,0.022710270259613523,0.010620608475149042,0.05266726836214063,0
0.8376774558951026,0.8376774558951026,0.9508136228356202,0.6209446650084882,0.9636211281291798,0.4126910449588454,0.9908968728078481,0.25693125938192063,1.0,0.11385624221589948,0.61664197666177,0.33530339550445293,0.6601193407977911,0.09764125978550943,0.7983041442358816,0.04216533615098594,0.9108211330964263,0.06898432361287278,0.5585828823554899,0.34942781504187537,0.6213678258213403,0.05037500686708336,0.792048329149193,0.0,0.9218664536869725,0.04986486524791487,0.5407958203859847,0.3637585372862717,0.5958185232672982,0.06442494470226284,0.770041267290371,0.0001884584136855201,0.9000661264696065,0.03335919091112664,0.5695380366229148,0.3862530642039562,0.6280103572489607,0.1289068912581995,0.7579311202180298,0.053076905529584745,0.8728683999567526,0.05112314438584383,0.1102098692030629,0.024376033636035636,0.030186548014117104,0.03586203338184817,0
0.659779926842964,0.659779926842964,0.8112848249030561,0.5245468810646037,0.8898267831319114,0.3783967104392242,0.9695216375391786,0.287735468431249,1.0,0.21597175577498154,0.6394717375322959,0.20346728066125389,0.7581021503365121,0.026757304747023813,0.8856416651997301,0.035743729014779665,0.9702307995791613,0.10336569989358992,0.614963425233262,0.21880217106542005,0.7816037157043715,0.0,0.9293888834210208,0.048365301278501194,0.9973612800734943,0.14704750761226698,0.6240328967158237,0.24878289660905697,0.7613710595380662,0.028311043687878994,0.9036636610654215,0.06385801024667585,0.9692550554025341,0.1551268762336681,0.6743582623143062,0.2954967760309417,0.788676083462878,0.1193919886596864,0.8883767868410459,0.1309270448050862,0.9432557714669,0.19357936416028249,0.15036855055911216,0.06638500242443435,0.037754510322016044,0.059924551479307205,0
0.6896637556945615,0.6896637556945615,0.8420150042624862,0.5185346543083995,0.9057749515270822,0.3625611588323539,0.9771100850613692,0.2634618620111481,1.0,0.17892635230594456,0.6380125553278673,0.22258126864874533,0.745899718857195,0.03151172820776689,0.8776950886866571,0.029745005896853704,0.9630716387869056,0.09355847734276969,0.6060506157944685,0.24250687981981364,0.7498235917948196,0.0,0.9090279864872481,0.024315430907141874,0.987696015370457,0.11477378436753972,0.6144104069207414,0.2725450134121627,0.7349709791912458,0.019819270020689967,0.8863072838690376,0.042657098776265834,0.9565865966444805,0.12847771924234275,0.6625406567488948,0.31332756358138797,0.7716922215067068,0.11391636022177139,0.8766144683511787,0.11768792321202419,0.9357271352559244,0.1796076098773885,0.11758833032637371,0.04109092193295895,0.04297582042247003,0.06981159456143574,0
0.6859489130669013,0.6859489130669013,0.8301936745011649,0.5269799612514586,0.8905670325048041,0.3836322266224047,0.9702949205830559,0.3026337062095246,1.0,0.24643114576929093,0.6017813061509837,0.1861397053230419,0.7610635542061185,0.032834879772508915,0.8901301861482517,0.06667509956499885,0.9724221765178204,0.14753899385073385,0.574902276077559,0.19625128708381523,0.7751763771892867,0.0,0.9182480271905769,0.060799045604899044,0.9917691413346077,0.16662077273931214,0.5887749257662032,0.2264566191744604,0.7757427549446673,0.03453797297829389,0.915003997352207,0.08745142528216254,0.9808408427087268,0.17486458690873033,0.6426958990120353,0.28108414021831846,0.8002196974513911,0.1409471364724874,0.9052655719336689,0.15407017549707794,0.967758951594277,0.1957925251210001,0.1294197798479669,0.03425530846725231,0.01725629089618352,0.031111848307133337,0
0.6931888720075621,0.6931888720075621,0.8383627569280824,0.49669008084829314,0.8868204083286634,0.3397297643090088,0.9454640900706349,0.23557655943274328,0.9953017393611011,0.15079133901494915,0.6013769081227709,0.22962635458547495,0.7390100202251005,0.034949299925594236,0.873685808325684,0.020866239506363113,0.9748517969294703,0.06056310147389861,0.5779657059146174,0.24784504376526378,0.7451275629357668,0.0,0.9033436000654491,0.01461289417443415,1.0,0.08694309170067097,0.6033189738858892,0.27157798636566693,0.7539121386712003,0.013456916661317814,0.9058561202125391,0.02407297637572647,0.9906139250776841,0.08918528174721917,0.6709416414718842,0.300932049093702,0.8070791101151925,0.11342678530146287,0.9128039765302761,0.10650210223708335,0.9790447580353716,0.14327253787401584,0.11243846786532068,0.04429440566815635,0.011728162070533177,0.06722089660150866,0
0.7581316037233631,0.7581316037233631,0.8775427322012129,0.5660156255995932,0.9358622846296082,0.3872801049688424,1.0,0.24641686936260285,0.9873457453807862,0.10221759657017684,0.6677755114656524,0.24988177330140435,0.7019401179155206,0.03768151757729947,0.8308797112938208,0.022293055135573826,0.9156911981426442,0.07651885898991072,0.6141400387395646,0.26448958370108383,0.6728385026785726,0.0,0.8327499048674515,0.00379349671525834,0.9291629996272841,0.09587641741217978,0.5851852492709994,0.2826077328144987,0.6441801555806141,0.02952287765110028,0.8060460903418032,0.03375161885805498,0.8990323202280893,0.11271764840991544,0.5879346113212687,0.3237472470168428,0.6668731232514554,0.120987949598099,0.7911998869154128,0.10495579528508159,0.8770809050171797,0.15552873254141564,0.08128966346893811,0.025184502625061497,0.03686043021382896,0.0513758625694093,0
0.6552588409163906,0.6552588409163906,0.8086959721301478,0.5161868065665233,0.8812326815175179,0.38207477933414663,0.9561086850418605,0.3011507768323167,1.0,0.21868031490340267,0.6594809665502424,0.18916749336679586,0.7844723074869955,0.03474241159339921,0.9043653469101826,0.0709689134360809,0.9742270280221014,0.1481220355773156,0.6257489812037524,0.1961803862434896,0.77883666275573,0.0,0.9161236969327294,0.053251715337503544,0.9810090581120685,0.14724007274923165,0.6283068579496124,0.22660888983490052,0.769812304088872,0.011234118571724185,0.8991886254112308,0.06654231942371563,0.9547684369127792,0.1599041029748731,0.6671280315051494,0.2801035089127264,0.7910659655725556,0.11939001918863225,0.8866458932687367,0.14559120256261565,0.9378241153871938,0.21395235530222595,0.09826035910778542,0.008946136096376286,0.03811313971903653,0.0740923383151434,0
0.6558906123145325,0.6558906123145325,0.8069092326057186,0.5076697385634654,0.8624167711604103,0.3613635313424815,0.9291449784504039,0.27059679251220065,0.9849077684214202,0.20828723911931146,0.5990514076446114,0.2148934847356891,0.7528239294738277,0.03143262947396344,0.8848353082935689,0.04566471012929102,0.9785398729445344,0.10219139333611213,0.5805228796236287,0.22949426838375525,0.7634584141742629,0.0,0.9137135508866312,0.04272217910549922,1.0,0.1288216139520836,0.6101438654474838,0.2560310755022172,0.7733520049525892,0.028167007836808387,0.9207368507246926,0.05784004350697655,0.9979517618832011,0.129421503939285,0.6798508642568567,0.2953500467453736,0.8150569121236136,0.12594197112803102,0.9175514048121259,0.13286037536846304,0.979963746995283,0.17789869655573984,0.13531533630361955,0.04354177150376544,0.0027171837406168766,0.06582889513841565,0
0.6546417363979408,0.6546417363979408,0.8118258081759927,0.5139063980372218,0.8861793299048628,0.38025430947924127,0.961423316801175,0.29726632697906985,1.0,0.21232664344387656,0.6597744499785109,0.19198711534268081,0.7881640739398076,0.03674639677419926,0.9104992519217842,0.0722081305878542,0.9781396145828403,0.14714001615778144,0.626426109211597,0.20050648803614438,0.7828395088303949,0.0,0.9237379209906299,0.0572340959222243,0.9869913700500236,0.15525453644645176,0.6304137660780574,0.23042607655115815,0.7748967184995064,0.014692983595609409,0.9074690940605222,0.06892088025820932,0.9622395080195938,0.16277822254469013,0.6702367761908599,0.28033595486647106,0.7969336530021367,0.11944770969529124,0.8926871164789443,0.14309612852179596,0.9421584084956425,0.20909549826668425,0.08971496052316989,0.015669144153683687,0.0337568361267371,0.06587337385269117,0
0.6931888720075621,0.6931888720075621,0.8383627569280824,0.49669008084829314,0.8868204083286634,0.3397297643090088,0.9454640900706349,0.23557655943274328,0.9953017393611011,0.15079133901494915,0.6013769081227709,0.22962635458547495,0.7390100202251005,0.034949299925594236,0.873685808325684,0.020866239506363113,0.9748517969294703,0.06056310147389861,0.5779657059146174,0.24784504376526378,0.7451275629357668,0.0,0.9033436000654491,0.01461289417443415,1.0,0.08694309170067097,0.6033189738858892,0.27157798636566693,0.7539121386712003,0.013456916661317814,0.9058561202125391,0.02407297637572647,0.9906139250776841,0.08918528174721917,0.6709416414718842,0.300932049093702,0.8070791101151925,0.11342678530146287,0.9128039765302761,0.10650210223708335,0.9790447580353716,0.14327253787401584,0.11243846786532068,0.04429440566815635,0.011728162070533177,0.06722089660150866,0
0.6879370194954016,0.6879370194954016,0.830821637985019,0.5308244670177674,0.903339173402157,0.4000512567701015,0.9826356839491791,0.311936784939346,1.0,0.2296315348000299,0.6033430195063836,0.19708219628424922,0.7544011149864023,0.03073924793049111,0.8817940155284173,0.07538448434818108,0.9590022361708866,0.16079964847588116,0.5684941308104423,0.2055931957094767,0.7594545072736382,0.0,0.9020182881438689,0.06475301197091314,0.9765029850957074,0.16904703266036278,0.5768299275655617,0.23612447068467332,0.7577230641619965,0.03525048663389182,0.8967953839436051,0.09429612935710772,0.9680236601822286,0.18871455550546815,0.6270210973497775,0.29160576825066203,0.782993028380635,0.15622960730065047,0.8873341491659188,0.17651764061138805,0.9533919730333669,0.22863611241475526,0.09859834126291485,0.023809773295844546,0.026358289241542165,0.052326917669532486,0
0.8359097711418457,0.8359097711418457,0.947099093159222,0.5799491550913124,0.9514854546820765,0.3828584385104778,1.0,0.24948563530043427,0.980877706366986,0.1433886237670477,0.5674994424097953,0.3342471660275902,0.6410449596744656,0.0694174833701497,0.790093376681149,0.030238968474129414,0.8968964552075989,0.09572429193421,0.5342069141893573,0.35545939199304744,0.6289437952762177,0.024505021675752102,0.8110589159171676,0.0,0.9172374875127753,0.08354154534275446,0.5443018013841043,0.367364564374916,0.6208969685874696,0.03422385914801515,0.7974624050235805,0.008131883446835048,0.8925167624886743,0.08681955017707667,0.613595306967922,0.3875319126980976,0.6926391350407861,0.10156242403999949,0.8237046796310281,0.06710978213061823,0.904697539422332,0.11576087563520172,0.09752791568318037,0.023946778692568647,0.02518585836799488,0.03171340046140166,0
0.7598524696212741,0.7598524696212741,0.8846692759220919,0.5981677462801321,0.9549616838890331,0.4104958215330678,1.0,0.2590013466864504,0.9686602491212857,0.1204808251038546,0.7564438578423589,0.24411767780764865,0.7474098469667934,0.032838144913020555,0.8552612571198791,0.025950455802558225,0.9321356858828233,0.07857397085659074,0.6986816233718312,0.25100100225113814,0.6933607467036207,0.0,0.8334005328962246,0.00999351660265241,0.9266017516657449,0.09264304352682808,0.6412440995238831,0.2748421522695573,0.6428550865159395,0.03561130495611411,0.7900062155947722,0.02942121580412178,0.8907650290419018,0.09780025162111972,0.5963037631051379,0.3273544520040877,0.6300433083114744,0.13092831857217554,0.7456779625621269,0.08308995915959226,0.843561992613902,0.10285098244147264,0.06433746884794454,0.017497334102374536,0.04190328724882415,0.054942780672508525,0
0.7148963026744883,0.7148963026744883,0.858114530692293,0.520628304217885,0.9100601743030325,0.3757158087699967,0.9811462796026428,0.27400637105211423,0.994466225894316,0.20334944016716028,0.5942760728701171,0.22599398637838236,0.7480156249862667,0.03506029881775469,0.8840695630060608,0.036686302882501166,0.970337862641804,0.10455208831697405,0.5724746524647616,0.2376528066643795,0.7740689331080545,0.0,0.9216846109471586,0.039024478422477575,0.9971494156157868,0.13832162943774132,0.5999072790134684,0.2615033350902117,0.7896666374667436,0.03336513488167146,0.9324664960180192,0.06295267473736915,1.0,0.14574823826316904,0.6707712617677399,0.3007568444277904,0.8289877187467315,0.12929827897215881,0.9287152336584681,0.1353908282748617,0.9851409697089373,0.1837218651660836,0.12931639732445524,0.054827219820720995,0.010114927720929243,0.051849750822593375,0
0.732423162564003,0.732423162564003,0.8614413956386142,0.4961319459482917,0.903089159126639,0.339651644641883,0.9650606000837655,0.22742962364110655,1.0,0.14681131832879601,0.5471544486633607,0.2122708179379041,0.7244765863401682,0.039226843484635406,0.8633155960059062,0.0378938576781211,0.9586454701569804,0.08462342437578917,0.5244125405969318,0.21953938605506088,0.7340066545501979,0.0,0.881281081027095,0.016209239731042727,0.978005102876537,0.08972912920832231,0.5506415477150572,0.23649032104854312,0.749461345425509,0.025472867346131852,0.8975541846823729,0.038047646250122615,0.9874310544556368,0.09790832011704902,0.621156524657567,0.25914787267412304,0.788538188234005,0.09842204718018742,0.8964707959605323,0.09427877092829826,0.9705119882926745,0.12826090642858073,0.08813823401355984,0.023628799022505812,0.01472835337075759,0.041010312041566216,0
0.666756705973089,0.666756705973089,0.819882193710893,0.5219677193648854,0.8894222648467633,0.381736566467169,0.9620902411249079,0.29432694435090967,1.0,0.21299264532009285,0.6412213751933504,0.20808392081195834,0.7624383728089142,0.03145072703511719,0.885820245457734,0.04874516587043033,0.963739927428373,0.11723190547891858,0.6093495653245421,0.2209142617924962,0.7722307515889159,0.0,0.9197405989129115,0.0491940826795346,0.989868664224855,0.14920192637937787,0.616532095505065,0.2507426623853148,0.7551253802641988,0.02178979353908789,0.8973012572920072,0.0639237715876214,0.9619918566368253,0.1553345710336293,0.6638468240017493,0.29853536742530074,0.7797419932713475,0.11673232782798423,0.8810141609021409,0.12703975657263133,0.9371396204128015,0.18559247287895944,0.1319481671330874,0.05320553397122179,0.03678126657527341,0.050456453889796755,0
0.6946402551258671,0.6946402551258671,0.8494562852568173,0.5268942168460493,0.8994589730694985,0.3733058418471676,0.9729750998477221,0.28405841776935586,1.0,0.2196495836031844,0.6159997262564391,0.20342631699165867,0.7703683671170106,0.041977370770236846,0.8928579952629331,0.05921251336897534,0.9687258113409254,0.1251750114912771,0.5947099356190284,0.22102548579494163,0.7860076490002402,0.0,0.9232563795311707,0.04971596284755522,0.99449399643735,0.14673194848826857,0.6129917938758882,0.2502153963229594,0.7968403227765408,0.03232389781172211,0.9324034856204209,0.07877953063640739,0.9935885334238228,0.1656367644694674,0.6711599288151607,0.3004096447584354,0.8286977823306015,0.1470080983583089,0.930683884203296,0.14995526279997823,0.9844162359267907,0.18790785715288205,0.12879819483040716,0.04348149094119672,0.02449542706256393,0.03117300231709242,0
0.6889829797997021,0.6889829797997021,0.8384982683293736,0.5275845515655136,0.9043034099133407,0.3835456950744012,0.9775245162121505,0.29466810277863037,1.0,0.22042151686010603,0.6023155884459298,0.20644208944817682,0.7617967219512934,0.029878807922866766,0.8918817045398568,0.07430383856813196,0.9686342632063568,0.16697854263054787,0.5731369265498831,0.2183096933768335,0.7722003868787111,0.0,0.9131387193215792,0.06474702736191158,0.9823271550205186,0.17265220323826197,0.5924950598127371,0.2502600821501514,0.7813300471378175,0.028266740272141322,0.9201130038233165,0.0853156485996961,0.9846532585342563,0.17901055106533742,0.6513534597414998,0.2998287512267579,0.8116294281697719,0.14799558888168937,0.9105942623727298,0.17435832035527668,0.9678762310207762,0.23168367549932362,0.07798021068125664,0.01865184964221072,0.008520011890653928,0.06956526864758597,0
0.7115344535457961,0.7115344535457961,0.8552063437437231,0.5097506920272282,0.9069848731809597,0.3440105267789996,0.9657913410282098,0.22962807594354748,1.0,0.1432903631367505,0.6154329425405044,0.23574602447054765,0.7408794459661521,0.04415843649010306,0.8737661975626823,0.029753452816237584,0.9752319880910668,0.06507415056215576,0.5873880089885483,0.2565602619494096,0.7397931918273362,0.0,0.8978632712644207,0.016627289292206752,0.9983881059070046,0.08873097911140257,0.6060557183483917,0.28198982694709224,0.7386199787004248,0.017135258828063396,0.8918848041722326,0.025839467377908744,0.9852307564164728,0.08853956179977683,0.6673874918294173,0.31047683868248627,0.7889937709820178,0.11911252609151525,0.8969096552448839,0.10835127799345287,0.9726735656981937,0.1410739354376439,0.10004348232689665,0.04036615598822319,0.016045599228179743,0.06586432436397545,0
0.6508562766960874,0.6508562766960874,0.8066461827916063,0.5200109049086521,0.8827264417620002,0.38565353653138135,0.9591909741491723,0.304588840372383,1.0,0.22498872529538883,0.657855119422111,0.18886103266054086,0.7912772508667879,0.0358350338460977,0.9132144868845566,0.07373612961878599,0.9804006433094207,0.14912974019843367,0.6262439151820542,0.19704554613885464,0.7860407851739261,0.0,0.9254285404363651,0.056613853409783574,0.9881475297817878,0.15236382883170776,0.631844470141394,0.22904469157017962,0.7788157933959488,0.017511527319731532,0.9099648386862091,0.07261431459255861,0.9640744450238592,0.1648651078541552,0.6735413480121465,0.2825659732108713,0.7989618079540292,0.12328788827849553,0.8946879884041828,0.1483364301917664,0.9445522710660308,0.21506951395165033,0.102497266991271,0.010982128565483085,0.035485578459555994,0.07046800160407038,0
0.6879370194954016,0.6879370194954016,0.830821637985019,0.5308244670177674,0.903339173402157,0.4000512567701015,0.9826356839491791,0.311936784939346,1.0,0.2296315348000299,0.6033430195063836,0.19708219628424922,0.7544011149864023,0.03073924793049111,0.8817940155284173,0.07538448434818108,0.9590022361708866,0.16079964847588116,0.5684941308104423,0.2055931957094767,0.7594545072736382,0.0,0.9020182881438689,0.06475301197091314,0.9765029850957074,0.16904703266036278,0.5768299275655617,0.23612447068467332,0.7577230641619965,0.03525048663389182,0.8967953839436051,0.09429612935710772,0.9680236601822286,0.18871455550546815,0.6270210973497775,0.29160576825066203,0.782993028380635,0.15622960730065047,0.8873341491659188,0.17651764061138805,0.9533919730333669,0.22863611241475526,0.09859834126291485,0.023809773295844546,0.026358289241542165,0.052326917669532486,0
0.6781243830632855,0.6781243830632855,0.8350949452595556,0.5137078426982342,0.9027238280185347,0.3644045932257371,0.9725006869091912,0.26894291298512746,1.0,0.17848787785607878,0.6415446282617837,0.20939468021347882,0.7569551116575695,0.026619927912767818,0.8840320062448094,0.037715668188528,0.958816627867925,0.10663847084006761,0.609758600386471,0.2268321892107547,0.7574466139582205,0.0,0.9103564944944683,0.031849378733359864,0.9825090504769259,0.12200548448506694,0.6171427672770136,0.25819498089455584,0.7405968367017762,0.019154174696668278,0.8876754959896056,0.04445069121032105,0.9544022534065569,0.12862674966545215,0.6631062267986035,0.3023131114619402,0.7749126108841017,0.11484980264240477,0.8775427799905214,0.11931550783501858,0.9338794492815825,0.17954795268216642,0.10820898293161543,0.03689865065404795,0.037730387411567846,0.07173554837383936,0
0.698529951801967,0.698529951801967,0.8602014098737976,0.5162017525238257,0.9198639885352671,0.377229080033825,0.9827928364611461,0.2889839186196821,0.9963099119712417,0.22100074872775963,0.6154269281261139,0.2034287939772236,0.7703842712402644,0.02319520683165515,0.8957422223241642,0.04727868237021136,0.976038979717412,0.12259163723285761,0.5927146027190591,0.22598869395337384,0.7854724813877139,0.0,0.9180322151879625,0.04952965198319236,0.9893398393149246,0.13789414407825154,0.6197503569856253,0.2586776938810522,0.8041983054270943,0.04327738315552122,0.9347080371325903,0.07943524066600492,1.0,0.15655966498938229,0.6880326200954412,0.3049819535311326,0.8415776786911705,0.14933375165971108,0.9328917111226211,0.16037382322301205,0.9883831342226163,0.20476920156692172,0.12793791001790167,0.025816856826458234,0.027370361172954015,0.06314362031920756,0
0.7477417383991264,0.7477417383991264,0.8788992628685672,0.4892858211123774,0.9273039426555159,0.324738163558537,0.9851144209662797,0.20413023283973808,1.0,0.11238268609045972,0.5680953255586747,0.23181469979159278,0.7309353867894871,0.0437386352947847,0.8659912041070724,0.027121194411673304,0.9667050069991628,0.06188171709111116,0.5443915581435046,0.24621816365944318,0.7409288435062148,0.0,0.8864465142751569,0.009037022586279864,0.9886205732982869,0.0717460259494578,0.5691671650909891,0.2652684037500089,0.7580046625848528,0.026137419519838088,0.902194985036459,0.026810223282484242,0.996040058299729,0.0734794374289978,0.638931634522252,0.28778176690751606,0.7975552121810059,0.10200209812714583,0.8995919427400848,0.08384476934355865,0.9730348977910803,0.1031770901717771,0.075033861738895,0.029812204604906925,0.009451394023355259,0.0465987429627789,0
0.8006033956799143,0.8006033956799143,0.9386664761705211,0.6013165419420712,0.9888763341135322,0.43166833932100096,1.0,0.2928854469255304,0.9903864897239946,0.14511257895912372,0.7646908246265528,0.2510117244263123,0.7748674525321627,0.05214850070189476,0.8767614639043175,0.030743158447623486,0.9682320119041145,0.07866561583756707,0.705231586517265,0.2444121439225938,0.7355204219920222,0.007620147240947095,0.8560994183193306,0.002476932161196426,0.9577345547305459,0.07443576174151025,0.634797626049435,0.2545953341276127,0.6762061745295199,0.013020661296346079,0.8210980767941463,0.0,0.9323417630030736,0.07616894510649462,0.5633037767195711,0.2999057638303367,0.5970250823226251,0.08231970566795359,0.7182433344541775,0.025750023672074147,0.8321282169961229,0.05401436394331672,0.08079647833894978,0.013055168101254528,0.029359423036939048,0.11839020923495645,0
0.6575371740868404,0.6575371740868404,0.8106556820549984,0.5232215054942422,0.8863641644562141,0.3857607526745084,0.9633076532364583,0.3030288947834289,1.0,0.2173230691004517,0.6591491766805672,0.19631979172490813,0.7874226946729124,0.0359230602780051,0.9101515500276292,0.07146789900150236,0.9740753495032201,0.15266132007037625,0.6297750130884445,0.20697477942068113,0.786273235165764,0.0,0.9266724889973562,0.05760383711076854,0.9828542738763362,0.15627253263760657,0.6358186840177205,0.2402630641192185,0.7741193165109003,0.019111500204404833,0.9085375052008867,0.07365774008128269,0.9594606308303484,0.16770213931623498,0.6762581879929043,0.29332152589841914,0.7983373409508927,0.12664201207331852,0.8944216813622728,0.1497765751697867,0.9397106037821066,0.21818141963695087,0.09149613100920932,0.01246736602123872,0.034195553943175874,0.07119173497708191,0
0.6773629259969836,0.6773629259969836,0.8298442592792862,0.4843145017176836,0.899330992595347,0.3455803478159489,0.9707488000379102,0.24964924426244595,1.0,0.1691763635613201,0.5867377637033804,0.16436648225223782,0.7634018992150314,0.023657740782568753,0.8893937587750521,0.047985248159530355,0.969382930355494,0.11619370974796715,0.5675800025301846,0.17264388991444202,0.7784546609983785,0.0,0.9071205928559708,0.04822424176148681,0.983656100574411,0.12939551543709318,0.5943300642115515,0.19840064476036243,0.7906501819625521,0.03063070258710588,0.9173589943347201,0.06880601557763287,0.9919415256385877,0.13988400163044395,0.6583700814386642,0.23605090190285422,0.815453963327642,0.11118209448087199,0.9086411670434883,0.12559004887233563,0.9728720230720226,0.17123231208279135,0.0814329660897371,0.025873294434050682,0.017787258732346156,0.0488292978459799,0
0.7288717591036012,0.7288717591036012,0.8687538342948412,0.5162482532273555,0.9116951769030182,0.34784293805114186,0.9648977159280929,0.23180364777758036,1.0,0.13937948684936277,0.6070180885642268,0.2514883724687508,0.7368583566140184,0.0445937364700539,0.8740791357813648,0.025496734198089174,0.9772681100515812,0.059100560668171674,0.5783647328014236,0.2723107603803992,0.735367312337625,0.0,0.8971191992986367,0.013480135072545474,0.997692662042123,0.08657015512088688,0.5997236021265482,0.29226893768476553,0.7362050055676457,0.01439139709047423,0.8927623716359496,0.022646091055104112,0.9839383969966975,0.08868406925787017,0.6651619664845438,0.31443490616084724,0.7912234706435073,0.11356059285931434,0.9017241413048567,0.10513610740054591,0.9760089736610945,0.14355921004206304,0.09911610351024341,0.040664021947451966,0.016531091496673176,0.0658654310187909,0
0.698529951801967,0.698529951801967,0.8602014098737976,0.5162017525238257,0.9198639885352671,0.377229080033825,0.9827928364611461,0.2889839186196821,0.9963099119712417,0.22100074872775963,0.6154269281261139,0.2034287939772236,0.7703842712402644,0.02319520683165515,0.8957422223241642,0.04727868237021136,0.976038979717412,0.12259163723285761,0.5927146027190591,0.22598869395337384,0.7854724813877139,0.0,0.9180322151879625,0.04952965198319236,0.9893398393149246,0.13789414407825154,0.6197503569856253,0.2586776938810522,0.8041983054270943,0.04327738315552122,0.9347080371325903,0.07943524066600492,1.0,0.15655966498938229,0.6880326200954412,0.3049819535311326,0.8415776786911705,0.14933375165971108,0.9328917111226211,0.16037382322301205,0.9883831342226163,0.20476920156692172,0.12793791001790167,0.025816856826458234,0.027370361172954015,0.06314362031920756,0
0.6908391938141574,0.6908391938141574,0.848503183383914,0.5123333776838378,0.9070026136988087,0.37396844147668096,0.9746795353311153,0.2827842033197063,0.9927584862472184,0.21186764105393932,0.6091620889352838,0.20192357491495566,0.7661823800480518,0.033401216950145494,0.8932288656555151,0.04935877256675194,0.9726167146195493,0.11854206806132396,0.5869894890478019,0.21250237317448648,0.7838541372348726,0.0,0.9213546669704893,0.04788149822177245,0.9927613498415793,0.14374827062079287,0.6138649793429809,0.2388747628013788,0.8020382196193557,0.03531499579045761,0.9355864023348434,0.07573528741256985,1.0,0.15794912845742784,0.6803496364215121,0.28015626869148136,0.8386910538342948,0.13411782674453718,0.9335286046494515,0.14992277860100248,0.9898718892431179,0.2002181401684608,0.12122304790893076,0.04096915100907588,0.02023804957040957,0.055187779911606616,0
0.6780788759094043,0.6780788759094043,0.810797601407132,0.5551983261183157,0.8886542344960411,0.3954707033893695,0.9730743514724367,0.27889671117411186,1.0,0.1460414317871699,0.6648018523460929,0.2309983728260414,0.7335026369156958,0.048439337853339044,0.857485867817136,0.04809103308181212,0.9451445154570339,0.11346324831186588,0.6201546360279525,0.23546627872077025,0.7156979244823433,0.0,0.8689997358674725,0.015446263651193967,0.9551247342642845,0.10474954146223799,0.5912743339537877,0.24986151448070876,0.6865025520800638,0.01903619489739038,0.8415886433367205,0.035205941813786855,0.9264807284324006,0.11731576418004437,0.5959434675743828,0.2868216235489979,0.6990501088775976,0.09440853057791224,0.8179769696103469,0.09024612141037769,0.8930256239249699,0.14516292382662968,0.07308772966823626,0.015177580927300847,0.03583260590835592,0.049864766320787964,0
0.6781376551381711,0.6781376551381711,0.810290091131172,0.5172927180125679,0.8858160376496563,0.3623166208059844,0.96633473488283,0.26371825011515054,1.0,0.15367210798883213,0.6134430797207151,0.19548486408456428,0.7152838121978283,0.04189374898002776,0.8380953881187333,0.04655878537137701,0.9317263884696982,0.09087157139679646,0.561212687919055,0.20097846763781677,0.6983792727779098,0.0,0.8436346108164,0.023678919355560275,0.9459771538820695,0.10240559073956572,0.5386632204469542,0.2189752453131685,0.6617288269515889,0.0033120380982865727,0.811755650252386,0.015391937131274128,0.9153371185461355,0.0781673705919084,0.5454662194646304,0.25881172210379866,0.6643447194265094,0.09477689780996602,0.7774375020872019,0.07923427888041547,0.8629867055479559,0.10685050845812963,0.10968869406029752,0.021678407674949697,0.046195741015727876,0.07058412227212504,0
0.714869112851849,0.714869112851849,0.8454525751602184,0.5013679257391834,0.8943970545729714,0.345813457852926,0.9605439674195339,0.23749295853259708,1.0,0.16322444934867786,0.5542973217975887,0.199681128021911,0.7321105008488962,0.03670933035151922,0.8707393216049295,0.04419259411327242,0.9658506357440019,0.08879097926352748,0.5302410971649815,0.2041584942471176,0.7380895716311685,0.0,0.8880070807353231,0.02562743297821313,0.9846691059924051,0.1015999032353903,0.5531199969268905,0.2229491433184955,0.7529154326293179,0.028987503683325994,0.8999612408240037,0.04916004438067584,0.9881090028308908,0.11068791681920287,0.6177301706864847,0.252984094655214,0.7883908003871224,0.11238879347751675,0.8946793461271343,0.11586479394590543,0.9665407582271024,0.15234769629041592,0.09930466836083932,0.027603944537229298,0.011783227400041297,0.05688582518371222,0
0.6976296467784153,0.6976296467784153,0.8542468679948051,0.5139444645254924,0.9128603381824123,0.3763636635138986,0.9805155303066668,0.2851415547436526,1.0,0.21451791197572226,0.6117408190168312,0.20641889944681277,0.7683838595585861,0.029517873562459655,0.8952261599252989,0.04680383588642766,0.9722394074960634,0.11721377345476103,0.5904708400713918,0.2187452418275082,0.7851173549728904,0.0,0.9191675971115051,0.045763280824254834,0.9881116038935683,0.13879165487130043,0.619323328103088,0.2460017260359329,0.8054363221007146,0.0357121437092424,0.9349040081801423,0.07355599546894227,0.9962001624021534,0.15606497063712424,0.6875438324852461,0.28587202649044074,0.8397097926538617,0.13294058413113158,0.9310643190148842,0.14207401846308618,0.9853020216169261,0.18810654293160362,0.12894297118986944,0.034134598812349204,0.024305300381430847,0.04312795986693667,0
0.6879370194954016,0.6879370194954016,0.830821637985019,0.5308244670177674,0.903339173402157,0.4000512567701015,0.9826356839491791,0.311936784939346,1.0,0.2296315348000299,0.6033430195063836,0.19708219628424922,0.7544011149864023,0.03073924793049111,0.8817940155284173,0.07538448434818108,0.9590022361708866,0.16079964847588116,0.5684941308104423,0.2055931957094767,0.7594545072736382,0.0,0.9020182881438689,0.06475301197091314,0.9765029850957074,0.16904703266036278,0.5768299275655617,0.23612447068467332,0.7577230641619965,0.03525048663389182,0.8967953839436051,0.09429612935710772,0.9680236601822286,0.18871455550546815,0.6270210973497775,0.29160576825066203,0.782993028380635,0.15622960730065047,0.8873341491659188,0.17651764061138805,0.9533919730333669,0.22863611241475526,0.09859834126291485,0.023809773295844546,0.026358289241542165,0.052326917669532486,0
0.7076533920899556,0.7076533920899556,0.8459752662922794,0.4975094843520036,0.8982857269884289,0.34496953885250464,0.9648460364342718,0.24179919306969927,1.0,0.16295586148010743,0.5653616388620788,0.19661966022766592,0.7459372177355122,0.04098759741458839,0.8772764427885664,0.04768080170992591,0.9694643273864572,0.09385815379414224,0.5424166183635726,0.20261535185126203,0.7558460928766211,0.0,0.894124568433624,0.029462870156388706,0.984285157646423,0.10471649485343903,0.5664526566950885,0.22228308748282047,0.768582076325728,0.028701694082997352,0.9078959230082957,0.048350153482925734,0.9921183238025488,0.10824734836085366,0.6331509617778728,0.25214289852656535,0.802108253146902,0.11138660142532242,0.9044394620120687,0.11300783015236131,0.9736969008231734,0.1466676506907654,0.0933785986013569,0.022710270259613523,0.010620608475149042,0.05266726836214063,0
0.7462504070795947,0.7462504070795947,0.8860929521980364,0.5270945166892359,0.9236619683576759,0.37469092776431523,0.9854959504797797,0.2671927573559011,1.0,0.18934098195697516,0.6011548367583627,0.24651635365963045,0.7462205968856689,0.04598024161972105,0.8796021149039123,0.037450379807981736,0.969012339679544,0.09412465979992597,0.5816808984352428,0.26594653168185345,0.7581917470006666,0.0,0.9057978046835127,0.022684276198578927,0.9906887750476346,0.10042511560818719,0.6110818005743962,0.2858235966663838,0.7838889561814326,0.02536420779711854,0.9283299594383112,0.04540904880820876,0.9994959586999468,0.12074980495236051,0.6874845297665545,0.31574855862997864,0.8378864113144313,0.12615029753378065,0.9410630465051114,0.12312885426103237,0.997387679275194,0.168315196985423,0.12342994372160951,0.027825794895085312,0.02730476739481425,0.058690208620323675,0
0.7814730722897999,0.7814730722897999,0.9014729400780964,0.49829762176570763,0.9359106818411802,0.3121245251184439,0.9863734482286937,0.17898347506258444,0.999863872796069,0.085080900849867,0.548324877716887,0.2555099227425996,0.7006974167358659,0.04054870653730938,0.8421781776447299,0.015473091613048889,0.9546509789005376,0.04747042144514511,0.5218677140545618,0.26920006325821505,0.7167523161202171,0.00014917039698597996,0.8707000558848701,0.0,0.982533918658275,0.04728484197904648,0.5509897698651899,0.2814709365622821,0.7367204276743504,0.0133103878226919,0.8930989558834971,0.011050254176999943,1.0,0.0549693548526526,0.6236255449283337,0.29054668522376575,0.7792194475279717,0.08647694202465951,0.8956313693623785,0.06438661651436048,0.984402273431092,0.07854387114850782,0.06893557211259668,0.03268373875543988,0.02236677015884075,0.03313368084011669,0
0.7076533920899556,0.7076533920899556,0.8459752662922794,0.4975094843520036,0.8982857269884289,0.34496953885250464,0.9648460364342718,0.24179919306969927,1.0,0.16295586148010743,0.5653616388620788,0.19661966022766592,0.7459372177355122,0.04098759741458839,0.8772764427885664,0.04768080170992591,0.9694643273864572,0.09385815379414224,0.5424166183635726,0.20261535185126203,0.7558460928766211,0.0,0.894124568433624,0.029462870156388706,0.984285157646423,0.10471649485343903,0.5664526566950885,0.22228308748282047,0.768582076325728,0.028701694082997352,0.9078959230082957,0.048350153482925734,0.9921183238025488,0.10824734836085366,0.6331509617778728,0.25214289852656535,0.802108253146902,0.11138660142532242,0.9044394620120687,0.11300783015236131,0.9736969008231734,0.1466676506907654,0.0933785986013569,0.022710270259613523,0.010620608475149042,0.05266726836214063,0
0.0,0.0,0.2727482940424191,0.002235422224014657,0.5272573531652054,0.16073229749635098,0.6948760258855956,0.3638513000956755,0.7997861950583923,0.5564460980520299,0.6905552891990562,0.1673521951106082,0.9558388882807414,0.595735403201022,0.9542823766792332,0.8384311060653035,0.9194565455418487,0.9370260569322614,0.5993161376899256,0.20562775382472448,0.8381222224938557,0.7269843978760894,0.8153982327250595,0.9339629658407781,0.7951629590516719,1.0,0.4610685503010745,0.2630154770341094,0.666393130047354,0.7692768963445179,0.6480648270368785,0.9349638918686387,0.6255673484268452,0.9754169993095146,0.3005072261679144,0.325689879337132,0.45594578556109705,0.6768688559042827,0.505106388875956,0.8516761955509659,0.5355805482556227,0.9429621649027188,0.11453417193423684,0.040001808230892215,0.0491977235711796,0.027463008934235138,0
0.7303840405314798,0.7303840405314798,0.8526137965943642,0.5395437930668887,0.9123287538004501,0.3630456349618949,0.9782695227977737,0.2425418784532932,0.9906194363320756,0.1378844015650397,0.6606579634277643,0.23149945347485124,0.7378003001009487,0.04366130323613399,0.8723515860938511,0.03308731010386569,0.9771624854490838,0.06353006937666957,0.6158012983899342,0.24187538842700126,0.7176544163090296,0.0009132661421671778,0.8874656378271288,0.0,1.0,0.05736371215058206,0.592219795567666,0.2595898287648378,0.6915723409838322,0.019398504332498696,0.8570678469878028,0.01908437794189564,0.9637024633014265,0.08002685565011283,0.6049824102913984,0.2938373474869153,0.7160677753889453,0.11391324483526856,0.8430526425641067,0.09233635646019088,0.9387815051769045,0.11776452114728883,0.0879871178632008,0.027545056241201283,0.04982801774193731,0.05265995323346147,0
0.7132163624951865,0.7132163624951865,0.85281128431215,0.5784257875155775,0.9376623256913976,0.4228184219064108,1.0,0.2911793525225665,0.9758124213545663,0.16132654948560202,0.7641710718216632,0.2431556050126894,0.7749010651813355,0.04112549612950762,0.8747027528554925,0.04921465238339251,0.9411707473855605,0.12025730511851014,0.7136829440605452,0.2374067428131339,0.731676788870932,0.0,0.8590522948548073,0.027539373504789223,0.938811423789353,0.12153175077243082,0.6548075548130248,0.24402157651689038,0.6887469428719569,0.0229509858915777,0.8266235783179656,0.04645989272383817,0.9115120723583473,0.13867480890107126,0.6044121854561663,0.2765488731151627,0.656745293402425,0.08995228060387565,0.7681578881938612,0.0722215383122652,0.8550534470577891,0.12527934554870634,0.06601120889789841,0.003294563472519468,0.03960513992056285,0.07129141529267786,0
0.6627257620331074,0.6627257620331074,0.8216326636359114,0.5255389779270205,0.8933541025415347,0.407443945885088,0.9731739403960108,0.3340195235819357,1.0,0.2806145197134362,0.6152583793184953,0.17393725222240114,0.7847856088403692,0.03877809290172948,0.907148865155146,0.09648702792044854,0.9825005428406591,0.19364482494034746,0.5893650749511387,0.18073728917435442,0.8126821849415408,0.0,0.9406327900998891,0.08987408030477287,0.999726920134645,0.20415509764782092,0.6031210490962157,0.20957082730816295,0.8080028255194152,0.0363867216193342,0.9349541583064607,0.10964753687627055,0.9925982555163337,0.20938317254231487,0.6579389936097751,0.2675502468705085,0.8233591236692064,0.14668596696423453,0.9221826875123059,0.17260245394398038,0.9813742071362799,0.22103339649822457,0.11689550985684172,0.026590279392003993,0.0116487099451953,0.02131666465107247,0
0.9026999972849269,0.9026999972849269,0.961870228080429,0.8624432514000488,0.9717567380254559,0.7680798145747981,1.0,0.5045533919122259,0.9940540613920894,0.23351078955754312,0.5122765959271046,0.6420448358595421,0.5130157745746267,0.33466430264776786,0.671886311315996,0.23699176332565014,0.8391116280864308,0.2181796292353354,0.4270575252537522,0.5184823956090123,0.5508321699006997,0.13978446606658787,0.782475060624724,0.08895911957324767,0.9755742736822249,0.1508793978825288,0.392218046805002,0.43100334811381014,0.5045048778431459,0.043525193734754504,0.7546077648232273,0.01016237566037008,0.9582902613186396,0.08768942993468105,0.40259707458019967,0.38215614671111764,0.47905528317497786,0.06805487877198674,0.6668646764704621,0.0,0.8393501972714944,0.03851881331300363,0.12988775485342505,0.126931838023004,0.05465089972997627,0.10736709168650256,0
0.8288655067303748,0.8288655067303748,0.9739110575133917,0.5626796804409485,0.9854260155898735,0.33953148514680404,1.0,0.18334918343698278,0.976343151993937,0.08954526266262054,0.68482049182226,0.30060165714019843,0.7010106698379621,0.08493387748442319,0.818467479928415,0.029950697667765067,0.9130170295194342,0.04755927642512308,0.6255562260385064,0.3193453672315224,0.6589435764873078,0.04631689929340571,0.8076057411060664,0.0032659121455511867,0.9188587245525813,0.0626946583108801,0.6061318762143848,0.3351792206592911,0.6399393718486721,0.04396327043879068,0.7976358476868893,0.0,0.910675807864876,0.051304664533600816,0.6270412942352622,0.35842960539225976,0.6938779178253861,0.11209682884855306,0.8081930152420894,0.05148417235725399,0.9001229460046727,0.06422890207681091,0.07993776400212131,0.017068590324617175,0.014755158348331658,0.017554324444258345,0
0.6659180957661468,0.6659180957661468,0.8236617415734581,0.5154664786035812,0.8887867721006063,0.393429947852777,0.9662060258702371,0.31696657077948365,1.0,0.2510943083967911,0.626305877969176,0.17726717891664362,0.7866548204080525,0.03978800941173311,0.9099955884249447,0.08878927861376394,0.9850240762338073,0.18337161267545943,0.5963092600834703,0.1854612837431641,0.8028134603113504,0.0,0.9350820253633395,0.07436053562172017,0.9976413711186461,0.183214284215653,0.6090386878627415,0.21360105654005512,0.7993187543412892,0.0326879360346794,0.930652569022127,0.09651773148250463,0.9882577020030006,0.18932614799561473,0.6604391041789113,0.2634110231189472,0.8212984129799337,0.1368552379550993,0.9208078805221268,0.16112971009769528,0.977450109617989,0.2115041792470222,0.0923633450445714,0.016803438299339925,0.014912861331937421,0.03285403973183904,0
0.32327365638516786,0.32327365638516786,0.4233319472427208,0.3574833709658119,0.5850688475706736,0.3471804313807636,0.7401091577780805,0.3593079682576688,0.85574529276141,0.35564281605302417,0.6684242455939069,0.04436616648451115,0.8559343796395622,0.1755492595818728,0.9289608249696546,0.32056140732080635,0.9641490550365048,0.43459587807729105,0.6957087170198465,0.0,0.9128847970342725,0.15973704245279127,0.9721115435517085,0.32265170993103776,0.9817135136693873,0.46372848246431425,0.7049795118538255,0.017373604757892194,0.9202138627241288,0.15661000454300353,0.9793504013205041,0.3163048758856867,0.9806571774564503,0.4563354769919615,0.7091286390275208,0.09637242653533035,0.8733625791348167,0.22492428828418615,0.9532298889664728,0.3290808823857576,1.0,0.42272406389744743,0.10970106226604448,0.027826835673892616,0.006108937027238265,0.03172206810255551,0
0.0,0.0,0.26537881577797695,0.02157993353030455,0.5125614779960713,0.19049163627420207,0.6751326578493462,0.3971603783659587,0.7787670809965924,0.5942867387456191,0.6508174089763213,0.22404186231647213,0.9288215058913379,0.6377358881341562,0.9191044778051409,0.8440586512541544,0.8823865921498448,0.9005270587321569,0.5587238336251226,0.2683241158138978,0.8122480284000997,0.7820388397899117,0.7693000359208189,0.9474697051580354,0.7272183888703712,0.9574388909204468,0.41844132123891226,0.33250937662816776,0.6383050033493737,0.8304191474145101,0.6045233307336585,0.9776808872118649,0.566648729988706,0.993494228398158,0.2573083203619265,0.3950684016530049,0.41544649577849474,0.736037202318349,0.47034396611145807,0.9086457074621456,0.508230372184989,1.0,0.09304153459718494,0.04756488483687528,0.04736113262905814,0.016916198246989658,0
0.6639696144559866,0.6639696144559866,0.7873431139149875,0.5209669082870905,0.8724726093670208,0.3792264330210082,0.9626546652751803,0.29202737625146935,1.0,0.1863645003935349,0.57749480585447,0.19055225354205038,0.7086676665778465,0.05480344334015008,0.8348419789060786,0.06495932035429405,0.9306619307083005,0.1101864105384264,0.5317466639228147,0.19369556873428548,0.7088373204763987,0.0,0.8520818031093524,0.03656431000224858,0.9457384711188258,0.12399887705042642,0.5193137657072535,0.2058288449937276,0.6773531790060329,0.010704635130528144,0.8270806079266336,0.03380333041365953,0.9219079959585316,0.09941690195885748,0.5392663075847542,0.23979301978643883,0.6726499030971285,0.08380551190624991,0.7832706340049,0.0767778620927838,0.8611962769668208,0.10793520356360668,0.12492878844810823,0.024798191901878944,0.04152230272410904,0.07435203144007749,0
0.8526700261651408,0.8526700261651408,0.9867091468710929,0.5732371182148254,1.0,0.33964111860812246,0.9988142842739334,0.18391973797647468,0.9624480405487245,0.09428056452694074,0.6961868199436926,0.30698460486033724,0.7167702601504369,0.09484532974041583,0.8267267731701665,0.02591182158549472,0.9244530703096508,0.04319825843222571,0.6288863330951341,0.33003087323353675,0.6692316138204952,0.059966157917608086,0.8092106678821518,0.0,0.9241707906602677,0.05797505093263552,0.6042751423514121,0.35406894450988363,0.6527882064998007,0.06415606628776889,0.8029366232032195,0.006072277680691444,0.9178360305586253,0.051901273016208505,0.6218608468110026,0.3914098413846352,0.6949295929808971,0.13353373246957997,0.8105944147253138,0.060563634153396016,0.9040043277388513,0.07186664551628444,0.06449857785633686,0.014973391514224093,0.008891242046861278,0.024607176998882947,0
0.8053454245649646,0.8053454245649646,0.9305212994698188,0.6134514606015569,0.9547253285233491,0.41677673953569283,0.986536668701668,0.26897325684550866,1.0,0.12499357306572106,0.6065390106739251,0.32155919838139313,0.6613998405030768,0.08088271497362325,0.7987851005945569,0.042386558967764054,0.9065059667631904,0.07966368572786853,0.552295348124007,0.33012358443367723,0.6297482203423378,0.039233223548411716,0.8021523731561833,0.004448190816054889,0.9246301549006599,0.06167432701891472,0.5353534824229897,0.3412971631265651,0.6126398120860399,0.04776689521043845,0.7883188608198677,0.0,0.9075603212206397,0.04531667029238284,0.5618467452578045,0.3642623957338542,0.6364196764477645,0.10649497547336609,0.7735590917111459,0.04202626153002386,0.884625854886024,0.05231846174032405,0.11936857289796238,0.029337161107468486,0.02716109223149388,0.02754859378734674,0
0.6908391938141574,0.6908391938141574,0.848503183383914,0.5123333776838378,0.9070026136988087,0.37396844147668096,0.9746795353311153,0.2827842033197063,0.9927584862472184,0.21186764105393932,0.6091620889352838,0.20192357491495566,0.7661823800480518,0.033401216950145494,0.8932288656555151,0.04935877256675194,0.9726167146195493,0.11854206806132396,0.5869894890478019,0.21250237317448648,0.7838541372348726,0.0,0.9213546669704893,0.04788149822177245,0.9927613498415793,0.14374827062079287,0.6138649793429809,0.2388747628013788,0.8020382196193557,0.03531499579045761,0.9355864023348434,0.07573528741256985,1.0,0.15794912845742784,0.6803496364215121,0.28015626869148136,0.8386910538342948,0.13411782674453718,0.9335286046494515,0.14992277860100248,0.9898718892431179,0.2002181401684608,0.12122304790893076,0.04096915100907588,0.02023804957040957,0.055187779911606616,0
0.7107007910632246,0.7107007910632246,0.8569816175918213,0.48318647097559825,0.9176367302231445,0.335273093992764,0.9809638387325985,0.23160128463947752,1.0,0.1490258611749453,0.5904995915875463,0.18614407615050832,0.7531629061816679,0.02502824898611471,0.8787159761643969,0.03528268362344848,0.9591125356788314,0.09164039576614255,0.5695224748695333,0.19752490876223358,0.7713817615714114,0.0,0.8996450073089156,0.03946039122944791,0.9774861947795763,0.11382856122284075,0.5944831704386339,0.21965045647283352,0.7859433649741522,0.03164388028109917,0.9158827920387239,0.058710315144534765,0.995998144279349,0.1226324582911759,0.6572406269433488,0.24871310683329553,0.8081314388174692,0.10452198153147524,0.9047498423333709,0.10652027550708923,0.9746891924427022,0.14369485561547884,0.0916865026504379,0.0374857020325646,0.026673479059515635,0.03898664240508713,0
0.7032968323398032,0.7032968323398032,0.8568153018908008,0.521817258502978,0.9116155276333933,0.37664429338312333,0.9786439876958312,0.2763175477362547,0.9974527142000659,0.20504685263463596,0.6111454579978652,0.20967757881183258,0.7682478163154489,0.040162922832803115,0.8972948716895461,0.051592470196997496,0.9765748198424564,0.11866628903657121,0.5878830658383869,0.22158620142601776,0.7825636219219098,0.0,0.9224047202276661,0.04349227331971433,0.9965329138557337,0.13652576506181766,0.6124968919548591,0.24632538207546448,0.7975310900824618,0.02763596922945962,0.9334822410118259,0.0603629593333325,1.0,0.1383141935306896,0.6799672664886292,0.289215824836076,0.8361061250106928,0.13633498899251903,0.9328375406645092,0.1433700436572138,0.9893864870900032,0.1871009060012505,0.11412188581492733,0.03439305419614005,0.00500979351050636,0.06411612839262865,0
0.7232087852960465,0.7232087852960465,0.8607895990664882,0.49595401654691756,0.895520409392035,0.3248768677922258,0.9472208568881311,0.21520884021994346,0.9946536203779323,0.1451210142353749,0.5958590784037414,0.239702370804595,0.7232467945769699,0.03174454215038479,0.859886028053231,0.005928888864046222,0.967796272198459,0.03876936933149233,0.5751848729866655,0.26679824909421135,0.7391723430473698,0.0,0.8983330475751525,0.006352203863896153,1.0,0.07610102060022828,0.6041901100774536,0.29232585570398645,0.7390027108345528,0.023553748683558032,0.891279215229862,0.017729798486409192,0.9825549065813775,0.0747993849981694,0.6775158213024278,0.3161800818487578,0.7994748449159367,0.11358284984304767,0.9050959290820698,0.09115284166157425,0.9768261983100208,0.11436848029343942,0.13451351646199913,0.06045966925159956,0.021452407588967458,0.049029536709417634,0
0.6508562766960874,0.6508562766960874,0.8066461827916063,0.5200109049086521,0.8827264417620002,0.38565353653138135,0.9591909741491723,0.304588840372383,1.0,0.22498872529538883,0.657855119422111,0.18886103266054086,0.7912772508667879,0.0358350338460977,0.9132144868845566,0.07373612961878599,0.9804006433094207,0.14912974019843367,0.6262439151820542,0.19704554613885464,0.7860407851739261,0.0,0.9254285404363651,0.056613853409783574,0.9881475297817878,0.15236382883170776,0.631844470141394,0.22904469157017962,0.7788157933959488,0.017511527319731532,0.9099648386862091,0.07261431459255861,0.9640744450238592,0.1648651078541552,0.6735413480121465,0.2825659732108713,0.7989618079540292,0.12328788827849553,0.8946879884041828,0.1483364301917664,0.9445522710660308,0.21506951395165033,0.102497266991271,0.010982128565483085,0.035485578459555994,0.07046800160407038,0
0.7017139891194468,0.7017139891194468,0.8553742140575189,0.4954355383577098,0.9009775239938446,0.3300440814807746,0.9563677317142393,0.22577341652330857,1.0,0.14954842095666984,0.6070746495972404,0.22356955002506673,0.7330169767999503,0.033993779738846944,0.8654024280600335,0.012117589308851873,0.9677644795453255,0.05065750190015175,0.5836666206243039,0.2444481941410087,0.7436091791101321,0.0,0.8998300978700452,0.010876758106593672,0.9973037288728084,0.08126808707929187,0.6062241131044894,0.26805178554967224,0.7434580421980094,0.023429719918657888,0.8940920184945376,0.024268254641551072,0.9837885975050763,0.08517350094129099,0.672692499938657,0.29478881136665325,0.791502123133249,0.10266554683354472,0.8970063613056678,0.08518572804082006,0.9699945791610827,0.1146918894849992,0.13068920358897984,0.053449499834992406,0.017676258079363894,0.04093906058234367,0
